<?xml version="1.0" encoding="utf-8"?>
<manifest identifier="_" version="1.0" xmlns="http://www.imsproject.org/xsd/imscp_rootv1p1p2" xmlns:adlcp="http://www.adlnet.org/xsd/adlcp_rootv1p2" xmlns:xsi="http://www.w3.org/2001/XMLSchema-instance" xsi:schemaLocation="http://www.imsproject.org/xsd/imscp_rootv1p1p2 imscp_rootv1p1p2.xsd http://www.imsglobal.org/xsd/imsmd_rootv1p2p1 imsmd_rootv1p2p1.xsd http://www.adlnet.org/xsd/adlcp_rootv1p2 adlcp_rootv1p2.xsd">
	<metadata>
		<schema>ADL SCORM</schema>
		<schemaversion>1.2</schemaversion>
		<lom xmlns="http://www.imsglobal.org/xsd/imsmd_rootv1p2p1" xmlns:xsi="http://www.w3.org/2001/XMLSchema-instance" xsi:schemaLocation="http://www.imsglobal.org/xsd/imsmd_rootv1p2p1 imsmd_rootv1p2p1.xsd">
			<general>
				<title>
					<langstring xml:lang="x-none">电动托盘搬运车操作员培训课程</langstring>
				</title>
				
					
				
				
				  	
        			
			</general>
			<lifecycle>
				<version>
					<langstring xml:lang="x-none">1.0</langstring>
				</version>
				<status>
					<source>
						<langstring xml:lang="x-none">LOMv1.0</langstring>
					</source>
					<value>
						<langstring xml:lang="x-none">Final</langstring>
					</value>
				</status>
			</lifecycle>
			<metametadata>
				<metadatascheme>ADL SCORM 1.2</metadatascheme>
			</metametadata>
			<educational>
				<typicallearningtime>
					<datetime>1:00:00</datetime>
				</typicallearningtime>
			</educational>
			<rights>
				<cost>
					<source>
						<langstring xml:lang="x-none">LOMv1.0</langstring>
					</source>
					<value>
						<langstring xml:lang="x-none">yes</langstring>
					</value>
				</cost>
				<copyrightandotherrestrictions>
					<source>
						<langstring xml:lang="x-none">LOMv1.0</langstring>
					</source>
					<value>
						<langstring xml:lang="x-none">yes</langstring>
					</value>
				</copyrightandotherrestrictions>
			</rights>
		</lom>
	</metadata>
	<organizations default="_ORG">
		<organization identifier="_ORG">
			<title>电动托盘搬运车操作员培训课程</title>
			<item identifier="_SCO" isvisible="true" identifierref="Articulate_Presenter_RES">
				<title>电动托盘搬运车操作员培训课程</title>
				<adlcp:masteryscore>100</adlcp:masteryscore>
			</item>
		</organization>
	</organizations>
	<resources>
	    <resource identifier="Articulate_Presenter_RES" type="webcontent" href="index_lms.html" adlcp:scormtype="sco">
		<file href="player.html"/>

<file href="player/annotations.swf"/>
<file href="player/ast_alert.swf"/>
<file href="player/ast_loader.swf"/>
<file href="player/ast_navicons.swf"/>
<file href="player/ast_notes.swf"/>
<file href="player/ast_remote.swf"/>
<file href="player/ast_vidpresenter.swf"/>
<file href="player/attach.html"/>
<file href="player/blank.html"/>
<file href="player/button.gif"/>
<file href="player/flashcommand.js"/>
<file href="player/infopanel_standard.swf"/>
<file href="player/logopanel.swf"/>
<file href="player/mod_colorizer.swf"/>
<file href="player/mod_colorizer_lib.swf"/>
<file href="player/mod_engage.swf"/>
<file href="player/mod_exit.swf"/>
<file href="player/mod_quiz.swf"/>
<file href="player/mod_reference.swf"/>
<file href="player/null.swf"/>
<file href="player/PassVar.swf"/>
<file href="player/playershell.swf"/>
<file href="player/slidegroup.swf"/>
<file href="player/stealthray.swf"/>
<file href="player/utils.js"/>
<file href="player/VideoPlayer.html"/>
<file href="player/VideoPlayer.swf"/>
<file href="player/zoom.html"/>
<file href="data/playerproperties.xml"/>
<file href="data/presentation.xml"/>
<file href="data/swf/bgd1l6.swf"/>
<file href="data/swf/slide2.swf"/>
<file href="data/swf/tb1.swf"/>
<file href="data/swf/tb2.swf"/>
<file href="data/swf/engage_ad6bb/engage.html"/>
<file href="data/swf/engage_ad6bb/engage.swf"/>
<file href="data/swf/engage_ad6bb/integration.xml"/>
<file href="data/swf/engage_ad6bb/engage_content/data.xml"/>
<file href="data/swf/engage_ad6bb/engage_content/engage.js"/>
<file href="data/swf/engage_ad6bb/engage_content/image0.jpg"/>
<file href="data/swf/engage_ad6bb/engage_content/image1.jpg"/>
<file href="data/swf/engage_ad6bb/engage_content/imageZoom0.jpg"/>
<file href="data/swf/engage_ad6bb/engage_content/scheme.xml"/>
<file href="data/swf/engage_ad6bb/engage_content/VidLoader.html"/>
<file href="data/swf/engage_ad6bb/engage_content/VidLoader.swf"/>
<file href="data/swf/engage_ad6bb/engage_content/zoom.html"/>
<file href="data/swf/engage_ad6bb/engage_content/sounds/image_close.mp3"/>
<file href="data/swf/engage_ad6bb/engage_content/sounds/image_zoom.mp3"/>
<file href="data/swf/engage_ad6bb/engage_content/sounds/step_close.mp3"/>
<file href="data/swf/engage_ad6bb/engage_content/sounds/step_hover.mp3"/>
<file href="data/swf/engage_ad6bb/engage_content/sounds/step_select.mp3"/>
<file href="data/swf/notes/notesbig2.swf"/>
<file href="data/swf/notes/notessmall2.swf"/>
<file href="data/swf/quizmaker_316/integration.xml"/>
<file href="data/swf/quizmaker_316/quiz.swf"/>
<file href="data/swf/quizmaker_316/quiz_content/07783dae-d32e-4676-b583-9d0ebf083d9a.mp3"/>
<file href="data/swf/quizmaker_316/quiz_content/199c9088-0b3d-408a-b96f-6009be7783db.mp3"/>
<file href="data/swf/quizmaker_316/quiz_content/45408942-39f9-4e62-9712-89d4756a92f9.mp3"/>
<file href="data/swf/quizmaker_316/quiz_content/59303bc9-7bc6-444d-a829-a74ac75e9987.mp3"/>
<file href="data/swf/quizmaker_316/quiz_content/6bb79990-c22a-4ae4-a90e-a7257acc21f1.mp3"/>
<file href="data/swf/quizmaker_316/quiz_content/707e6a47-3bbf-4753-b22a-5daf7c623a76.mp3"/>
<file href="data/swf/quizmaker_316/quiz_content/7c2ee98e-30b4-493f-b8de-7acf824fd924.mp3"/>
<file href="data/swf/quizmaker_316/quiz_content/947d08b5-2bbe-4f21-8206-0132440aa0fa.mp3"/>
<file href="data/swf/quizmaker_316/quiz_content/a7de6ff5-3ebf-4230-9819-b4f26eb441af.mp3"/>
<file href="data/swf/quizmaker_316/quiz_content/data.swf"/>
<file href="data/swf/quizmaker_316/quiz_content/e6451929-3833-41dc-a5c4-96e4886a3f6d.mp3"/>
<file href="data/swf/quizmaker_316/quiz_content/fad7f12d-9c6c-4ed8-9d67-4b2cc9e5a561.mp3"/>
<file href="data/swf/quizmaker_316/quiz_content/Shape075c5f21-ac2c-4195-98e8-30942ea2331f.swf"/>
<file href="data/swf/quizmaker_316/quiz_content/Shape0efc3c4c-3360-4ad7-9e80-7041bf48c07c.swf"/>
<file href="data/swf/quizmaker_316/quiz_content/Shape7d06bbc0-827b-4205-b90c-b8a638ca48e4.swf"/>
<file href="data/swf/quizmaker_316/quiz_content/Shapeb6859fc1-c4af-43a4-a170-66a9e70559c0.swf"/>
<file href="data/swf/quizmaker_316/quiz_content/Shapef341d450-bd63-48a2-b9e3-6f408d85e76b.swf"/>
<file href="data/swf/quizmaker_316/quiz_content/Shapefbe10382-c3bb-468c-9c83-3762a494d0bd.swf"/>
<file href="data/swf/quizmaker_316/quiz_content/Shapefe622309-0687-4cbb-b95b-355487b288bd.swf"/>
<file href="data/swf/quizmaker_316/quiz_content/video_01802cf1-0f9d-4b16-b0ef-eed81a86b582.swf"/>
<file href="data/swf/quizmaker_316/quiz_content/_ButtonClick.mp3"/>
<file href="data/swf/quizmaker_316/quiz_content/_ButtonHover.mp3"/>
<file href="data/swf/quizmaker_316/quiz_content/_ControlClick.mp3"/>
<file href="data/swf/quizmaker_316/quiz_content/_WindowClose.mp3"/>
<file href="data/swf/quizmaker_316/quiz_content/_WindowOpen.mp3"/>
<file href="index_lms.html"/>
<file href="lms/AICCComm.html"/>
<file href="lms/AICCFunctions.js"/>
<file href="lms/API.js"/>
<file href="lms/APIConstants.js"/>
<file href="lms/SCORMDiscovery.js"/>
<file href="lms/blank.html"/>
<file href="lms/browsersniff.js"/>
<file href="lms/Configuration.js"/>
<file href="lms/goodbye.html"/>
<file href="lms/lms.js"/>
<file href="lms/LMSAPI.js"/>
<file href="lms/NONEFunctions.js"/>
<file href="lms/SCORM2004Functions.js"/>
<file href="lms/SCORMFunctions.js"/>
<file href="lms/UtilityFunctions.js"/>

	    </resource>
	</resources>
</manifest>
