<Interaction Type="FAQ" ContentFolder="proj_content" Title="操作帮助" Numbering="0" animation="bounce" contentfont="微软雅黑" jpegquality="80" autoplay="false" autoplayduration="5" headingfont="微软雅黑" navfont="微软雅黑" soundeffects="true" volumebutton="false" audioquality="low" audiocustombitrate="br112Kbps" audiocustomfrequency="fq12KHz" audiocustomchannel="ccMono" navbuttons="true" forceorder="false" detectflashver="true" version="2.3.1103.112" borderstyle="round_inset">
  <Search enabled="false" searchtext="Search" resulttext="found for" />
  <steps>
    <Step id="3f51d3c4-4729-4bca-aebe-00053e63a8f9" name="基本导航" title="" number="" html="&lt;p align='left'&gt;&lt;font face='微软雅黑' size='13' color=''&gt;使用屏幕底部的导航工具&lt;/font&gt;&lt;/p&gt;">
      <image width="378" height="154" zoomheight="180" playbar="false" autoplay="false" zoomwidth="440" zoommode="Embedded" allowzoom="false" align="bottom" duration="0" framerate="30" name="image0.jpg" zoomimage="" />
    </Step>
    <Step id="1893aeef-81ab-4e1f-be19-e96f3d48e8bd" name="音频" title="" number="" html="&lt;p align='left'&gt;&lt;font face='微软雅黑' size='13' color=''&gt;这次培训有音频，因此一定要打开您的扬声器。您可以通过屏幕底部图标调整音频的音量&lt;/font&gt;&lt;/p&gt;">
      <image width="200" height="200" zoomheight="200" playbar="false" autoplay="false" zoomwidth="200" zoommode="Embedded" allowzoom="false" align="topright" duration="0" framerate="30" name="image1.jpg" zoomimage="" />
    </Step>
    <Step id="d5cbce40-7a9d-4d71-aa4e-c74e9daa6a45" name="交互内容导航" title="" number="" html="&lt;p align='left'&gt;&lt;font face='微软雅黑' size='13' color=''&gt;对于大部份交互内容，需要学习完所有项目才能翻页，您可以通过点击箭头按钮进行向前或向后的翻看项目内容。&lt;/font&gt;&lt;/p&gt;">
      <image width="272" height="154" zoomheight="184" playbar="false" autoplay="false" zoomwidth="323" zoommode="Embedded" allowzoom="false" align="bottom" duration="0" framerate="30" name="image4.jpg" zoomimage="" />
    </Step>
  </steps>
  <nextslide enabled="False" text="" show="" />
  <starttip show="true" text="点击继续" />
  <resume id="6b971d94-da61-4e7e-b2df-adea8cc2fb01" enabled="false" />
</Interaction>