﻿<?xml version='1.0' encoding='UTF-8'?>
<doc>
	<assima>
		<deployer>
			<title><![CDATA[初始化中……]]></title>
			<message><![CDATA[正在读取信息……]]></message>
			<server_url><![CDATA[../../../../../javaloader/]]></server_url>
			<target_dir><![CDATA[]]></target_dir>
			<executable><![CDATA[simulator.exe]]></executable>
			<parameters><![CDATA[u_9'.assima_practice.eng.dtb u_9'.eng.shared.dtb  /tutlang:ENG /simlang:ENG]]></parameters>
			<update_runtime><![CDATA[Yes]]></update_runtime>
			<launch_runtime><![CDATA[Yes]]></launch_runtime>
			<lesson><![CDATA[Yes]]></lesson>
			<show_score><![CDATA[Yes]]></show_score>
			<runtime>
				<version><![CDATA[6.10.11.1625]]></version>
				<filename><![CDATA[javaloader.txt]]></filename>
				<delete><![CDATA[No]]></delete>
				<content>
					
					<filename><![CDATA[agentlib.dll]]></filename>
					
					<filename><![CDATA[baselib.dll]]></filename>
					
					<filename><![CDATA[baseguilib.dll]]></filename>
					
					<filename><![CDATA[coolctrls.dll]]></filename>
					
					<filename><![CDATA[educationlib.dll]]></filename>
					
					<filename><![CDATA[gdiplus.dll]]></filename>
					
					<filename><![CDATA[interpreterlib.dll]]></filename>
					
					<filename><![CDATA[launcherutilslib.dll]]></filename>
					
					<filename><![CDATA[servicelib.dll]]></filename>
					
					<filename><![CDATA[xmllib.dll]]></filename>
					
					<filename><![CDATA[localizationlib.dll]]></filename>
					
					<filename><![CDATA[glossarylib.dll]]></filename>
					
					<filename><![CDATA[pcre3.dll]]></filename>
					
					<filename><![CDATA[regexplib.dll]]></filename>
					
					<filename><![CDATA[simulator.exe]]></filename>
					
				</content>
			</runtime>
			<extra_files>
				
				<file>
					<filename><![CDATA[templates\instances\assima_enotes.tpl]]></filename>
					<hash><![CDATA[5461726802728126692]]></hash>
					<size><![CDATA[96021]]></size>
					<delete><![CDATA[No]]></delete>
				</file>
				
				<file>
					<filename><![CDATA[templates\instances\assima_enote_navbar.tpl]]></filename>
					<hash><![CDATA[5461726802728126692]]></hash>
					<size><![CDATA[115271]]></size>
					<delete><![CDATA[No]]></delete>
				</file>
				
				<file>
					<filename><![CDATA[templates\instances\templates.dic]]></filename>
					<hash><![CDATA[1086479652]]></hash>
					<size><![CDATA[139188]]></size>
					<delete><![CDATA[No]]></delete>
				</file>
				
				<file>
					<filename><![CDATA[u_9'.assima_practice.eng.dtb]]></filename>
					<hash><![CDATA[1061178024]]></hash>
					<size><![CDATA[471144]]></size>
					<delete><![CDATA[No]]></delete>
				</file>
				
				<file>
					<filename><![CDATA[u_9'.eng.shared.dtb]]></filename>
					<hash><![CDATA[1758179957]]></hash>
					<size><![CDATA[466598]]></size>
					<delete><![CDATA[No]]></delete>
				</file>
				
			</extra_files>
		</deployer>
	</assima>
	
	<!-- For back-compatibility only. -->
	<tutorial>
		<path_sim><![CDATA[u_9'.assima_practice.eng.dtb]]></path_sim>
		<shareddtb><![CDATA[u_9'.eng.shared.dtb]]></shareddtb>
	</tutorial>
</doc>
