﻿<?xml version="1.0" encoding="utf-8"?>
<manifest identifier="_" version="1.0" xmlns="http://www.imsproject.org/xsd/imscp_rootv1p1p2" xmlns:adlcp="http://www.adlnet.org/xsd/adlcp_rootv1p2" xmlns:xsi="http://www.w3.org/2001/XMLSchema-instance" xsi:schemaLocation="http://www.imsproject.org/xsd/imscp_rootv1p1p2 imscp_rootv1p1p2.xsd http://www.imsglobal.org/xsd/imsmd_rootv1p2p1 imsmd_rootv1p2p1.xsd http://www.adlnet.org/xsd/adlcp_rootv1p2 adlcp_rootv1p2.xsd">
	<metadata>
		<schema>ADL SCORM</schema>
		<schemaversion>1.2</schemaversion>
		<lom xmlns="http://www.imsglobal.org/xsd/imsmd_rootv1p2p1" xmlns:xsi="http://www.w3.org/2001/XMLSchema-instance" xsi:schemaLocation="http://www.imsglobal.org/xsd/imsmd_rootv1p2p1 imsmd_rootv1p2p1.xsd">
			<general>
				<title>
					<langstring xml:lang="x-none">信用卡数据安全保密意识培训</langstring>
				</title>
				
					
				
				
				  	
        			
			</general>
			<lifecycle>
				<version>
					<langstring xml:lang="x-none">1.0</langstring>
				</version>
				<status>
					<source>
						<langstring xml:lang="x-none">LOMv1.0</langstring>
					</source>
					<value>
						<langstring xml:lang="x-none">Final</langstring>
					</value>
				</status>
			</lifecycle>
			<metametadata>
				<metadatascheme>ADL SCORM 1.2</metadatascheme>
			</metametadata>
			<educational>
				<typicallearningtime>
					<datetime>01:00:00</datetime>
				</typicallearningtime>
			</educational>
			<rights>
				<cost>
					<source>
						<langstring xml:lang="x-none">LOMv1.0</langstring>
					</source>
					<value>
						<langstring xml:lang="x-none">yes</langstring>
					</value>
				</cost>
				<copyrightandotherrestrictions>
					<source>
						<langstring xml:lang="x-none">LOMv1.0</langstring>
					</source>
					<value>
						<langstring xml:lang="x-none">yes</langstring>
					</value>
				</copyrightandotherrestrictions>
			</rights>
		</lom>
	</metadata>
	<organizations default="_ORG">
		<organization identifier="_ORG">
			<title>信用卡数据安全保密意识培训</title>
			<item identifier="_SCO" isvisible="true" identifierref="Articulate_Presenter_RES">
				<title>信用卡数据安全保密意识培训</title>
				<adlcp:masteryscore>60</adlcp:masteryscore>
			</item>
		</organization>
	</organizations>
	<resources>
	    <resource identifier="Articulate_Presenter_RES" type="webcontent" href="index_lms.html" adlcp:scormtype="sco">
		<file href="player.html"/>

<file href="player/annotations.swf"/>
<file href="player/ast_alert.swf"/>
<file href="player/ast_loader.swf"/>
<file href="player/ast_navicons.swf"/>
<file href="player/ast_notes.swf"/>
<file href="player/ast_remote.swf"/>
<file href="player/ast_vidpresenter.swf"/>
<file href="player/attach.html"/>
<file href="player/blank.html"/>
<file href="player/button.gif"/>
<file href="player/flashcommand.js"/>
<file href="player/logopanel.swf"/>
<file href="player/mod_colorizer.swf"/>
<file href="player/mod_colorizer_lib.swf"/>
<file href="player/mod_engage.swf"/>
<file href="player/mod_exit.swf"/>
<file href="player/mod_quiz.swf"/>
<file href="player/mod_reference.swf"/>
<file href="player/null.swf"/>
<file href="player/PassVar.swf"/>
<file href="player/playershell.swf"/>
<file href="player/slidegroup.swf"/>
<file href="player/stealthray.swf"/>
<file href="player/utils.js"/>
<file href="player/VideoPlayer.html"/>
<file href="player/VideoPlayer.swf"/>
<file href="player/zoom.html"/>
<file href="data/playerproperties.xml"/>
<file href="data/presentation.xml"/>
<file href="data/downloads/&#21830;&#19994;银行&#23458;&#25143;&#20449;&#24687;&#20445;&#25252;&#30340;&#30456;&#20851;&#27861;&#24459;.docx"/>
<file href="data/swf/bgd1l8.swf"/>
<file href="data/swf/fm_1.mp4"/>
<file href="data/swf/fm_2.mp4"/>
<file href="data/swf/slide1.swf"/>
<file href="data/swf/slide10.swf"/>
<file href="data/swf/slide100.swf"/>
<file href="data/swf/slide101.swf"/>
<file href="data/swf/slide102.swf"/>
<file href="data/swf/slide11.swf"/>
<file href="data/swf/slide12.swf"/>
<file href="data/swf/slide13.swf"/>
<file href="data/swf/slide14.swf"/>
<file href="data/swf/slide15.swf"/>
<file href="data/swf/slide16.swf"/>
<file href="data/swf/slide17.swf"/>
<file href="data/swf/slide18.swf"/>
<file href="data/swf/slide19.swf"/>
<file href="data/swf/slide2.swf"/>
<file href="data/swf/slide20.swf"/>
<file href="data/swf/slide21.swf"/>
<file href="data/swf/slide23.swf"/>
<file href="data/swf/slide24.swf"/>
<file href="data/swf/slide25.swf"/>
<file href="data/swf/slide26.swf"/>
<file href="data/swf/slide27.swf"/>
<file href="data/swf/slide28.swf"/>
<file href="data/swf/slide29.swf"/>
<file href="data/swf/slide3.swf"/>
<file href="data/swf/slide30.swf"/>
<file href="data/swf/slide31.swf"/>
<file href="data/swf/slide32.swf"/>
<file href="data/swf/slide33.swf"/>
<file href="data/swf/slide34.swf"/>
<file href="data/swf/slide35.swf"/>
<file href="data/swf/slide36.swf"/>
<file href="data/swf/slide37.swf"/>
<file href="data/swf/slide38.swf"/>
<file href="data/swf/slide39.swf"/>
<file href="data/swf/slide4.swf"/>
<file href="data/swf/slide40.swf"/>
<file href="data/swf/slide41.swf"/>
<file href="data/swf/slide42.swf"/>
<file href="data/swf/slide43.swf"/>
<file href="data/swf/slide44.swf"/>
<file href="data/swf/slide45.swf"/>
<file href="data/swf/slide46.swf"/>
<file href="data/swf/slide47.swf"/>
<file href="data/swf/slide48.swf"/>
<file href="data/swf/slide49.swf"/>
<file href="data/swf/slide5.swf"/>
<file href="data/swf/slide50.swf"/>
<file href="data/swf/slide51.swf"/>
<file href="data/swf/slide52.swf"/>
<file href="data/swf/slide53.swf"/>
<file href="data/swf/slide54.swf"/>
<file href="data/swf/slide55.swf"/>
<file href="data/swf/slide56.swf"/>
<file href="data/swf/slide57.swf"/>
<file href="data/swf/slide58.swf"/>
<file href="data/swf/slide59.swf"/>
<file href="data/swf/slide6.swf"/>
<file href="data/swf/slide60.swf"/>
<file href="data/swf/slide61.swf"/>
<file href="data/swf/slide62.swf"/>
<file href="data/swf/slide63.swf"/>
<file href="data/swf/slide64.swf"/>
<file href="data/swf/slide65.swf"/>
<file href="data/swf/slide66.swf"/>
<file href="data/swf/slide67.swf"/>
<file href="data/swf/slide68.swf"/>
<file href="data/swf/slide69.swf"/>
<file href="data/swf/slide7.swf"/>
<file href="data/swf/slide70.swf"/>
<file href="data/swf/slide71.swf"/>
<file href="data/swf/slide72.swf"/>
<file href="data/swf/slide73.swf"/>
<file href="data/swf/slide74.swf"/>
<file href="data/swf/slide75.swf"/>
<file href="data/swf/slide76.swf"/>
<file href="data/swf/slide77.swf"/>
<file href="data/swf/slide78.swf"/>
<file href="data/swf/slide79.swf"/>
<file href="data/swf/slide8.swf"/>
<file href="data/swf/slide80.swf"/>
<file href="data/swf/slide81.swf"/>
<file href="data/swf/slide82.swf"/>
<file href="data/swf/slide83.swf"/>
<file href="data/swf/slide84.swf"/>
<file href="data/swf/slide85.swf"/>
<file href="data/swf/slide86.swf"/>
<file href="data/swf/slide87.swf"/>
<file href="data/swf/slide88.swf"/>
<file href="data/swf/slide89.swf"/>
<file href="data/swf/slide9.swf"/>
<file href="data/swf/slide90.swf"/>
<file href="data/swf/slide91.swf"/>
<file href="data/swf/slide92.swf"/>
<file href="data/swf/slide93.swf"/>
<file href="data/swf/slide94.swf"/>
<file href="data/swf/slide95.swf"/>
<file href="data/swf/slide96.swf"/>
<file href="data/swf/slide97.swf"/>
<file href="data/swf/slide98.swf"/>
<file href="data/swf/slide99.swf"/>
<file href="data/swf/tb1.swf"/>
<file href="data/swf/tb10.swf"/>
<file href="data/swf/tb100.swf"/>
<file href="data/swf/tb101.swf"/>
<file href="data/swf/tb102.swf"/>
<file href="data/swf/tb11.swf"/>
<file href="data/swf/tb12.swf"/>
<file href="data/swf/tb13.swf"/>
<file href="data/swf/tb14.swf"/>
<file href="data/swf/tb15.swf"/>
<file href="data/swf/tb16.swf"/>
<file href="data/swf/tb17.swf"/>
<file href="data/swf/tb18.swf"/>
<file href="data/swf/tb19.swf"/>
<file href="data/swf/tb2.swf"/>
<file href="data/swf/tb20.swf"/>
<file href="data/swf/tb21.swf"/>
<file href="data/swf/tb22.swf"/>
<file href="data/swf/tb23.swf"/>
<file href="data/swf/tb24.swf"/>
<file href="data/swf/tb25.swf"/>
<file href="data/swf/tb26.swf"/>
<file href="data/swf/tb27.swf"/>
<file href="data/swf/tb28.swf"/>
<file href="data/swf/tb29.swf"/>
<file href="data/swf/tb3.swf"/>
<file href="data/swf/tb30.swf"/>
<file href="data/swf/tb31.swf"/>
<file href="data/swf/tb32.swf"/>
<file href="data/swf/tb33.swf"/>
<file href="data/swf/tb34.swf"/>
<file href="data/swf/tb35.swf"/>
<file href="data/swf/tb36.swf"/>
<file href="data/swf/tb37.swf"/>
<file href="data/swf/tb38.swf"/>
<file href="data/swf/tb39.swf"/>
<file href="data/swf/tb4.swf"/>
<file href="data/swf/tb40.swf"/>
<file href="data/swf/tb41.swf"/>
<file href="data/swf/tb42.swf"/>
<file href="data/swf/tb43.swf"/>
<file href="data/swf/tb44.swf"/>
<file href="data/swf/tb45.swf"/>
<file href="data/swf/tb46.swf"/>
<file href="data/swf/tb47.swf"/>
<file href="data/swf/tb48.swf"/>
<file href="data/swf/tb49.swf"/>
<file href="data/swf/tb5.swf"/>
<file href="data/swf/tb50.swf"/>
<file href="data/swf/tb51.swf"/>
<file href="data/swf/tb52.swf"/>
<file href="data/swf/tb53.swf"/>
<file href="data/swf/tb54.swf"/>
<file href="data/swf/tb55.swf"/>
<file href="data/swf/tb56.swf"/>
<file href="data/swf/tb57.swf"/>
<file href="data/swf/tb58.swf"/>
<file href="data/swf/tb59.swf"/>
<file href="data/swf/tb6.swf"/>
<file href="data/swf/tb60.swf"/>
<file href="data/swf/tb61.swf"/>
<file href="data/swf/tb62.swf"/>
<file href="data/swf/tb63.swf"/>
<file href="data/swf/tb64.swf"/>
<file href="data/swf/tb65.swf"/>
<file href="data/swf/tb66.swf"/>
<file href="data/swf/tb67.swf"/>
<file href="data/swf/tb68.swf"/>
<file href="data/swf/tb69.swf"/>
<file href="data/swf/tb7.swf"/>
<file href="data/swf/tb70.swf"/>
<file href="data/swf/tb71.swf"/>
<file href="data/swf/tb72.swf"/>
<file href="data/swf/tb73.swf"/>
<file href="data/swf/tb74.swf"/>
<file href="data/swf/tb75.swf"/>
<file href="data/swf/tb76.swf"/>
<file href="data/swf/tb77.swf"/>
<file href="data/swf/tb78.swf"/>
<file href="data/swf/tb79.swf"/>
<file href="data/swf/tb8.swf"/>
<file href="data/swf/tb80.swf"/>
<file href="data/swf/tb81.swf"/>
<file href="data/swf/tb82.swf"/>
<file href="data/swf/tb83.swf"/>
<file href="data/swf/tb84.swf"/>
<file href="data/swf/tb85.swf"/>
<file href="data/swf/tb86.swf"/>
<file href="data/swf/tb87.swf"/>
<file href="data/swf/tb88.swf"/>
<file href="data/swf/tb89.swf"/>
<file href="data/swf/tb9.swf"/>
<file href="data/swf/tb90.swf"/>
<file href="data/swf/tb91.swf"/>
<file href="data/swf/tb92.swf"/>
<file href="data/swf/tb93.swf"/>
<file href="data/swf/tb94.swf"/>
<file href="data/swf/tb95.swf"/>
<file href="data/swf/tb96.swf"/>
<file href="data/swf/tb97.swf"/>
<file href="data/swf/tb98.swf"/>
<file href="data/swf/tb99.swf"/>
<file href="data/swf/engage_538/engage.html"/>
<file href="data/swf/engage_538/engage.swf"/>
<file href="data/swf/engage_538/integration.xml"/>
<file href="data/swf/engage_538/engage_content/audio10.mp3"/>
<file href="data/swf/engage_538/engage_content/audio2.mp3"/>
<file href="data/swf/engage_538/engage_content/audio4.mp3"/>
<file href="data/swf/engage_538/engage_content/audio6.mp3"/>
<file href="data/swf/engage_538/engage_content/audio8.mp3"/>
<file href="data/swf/engage_538/engage_content/data.xml"/>
<file href="data/swf/engage_538/engage_content/engage.js"/>
<file href="data/swf/engage_538/engage_content/scheme.xml"/>
<file href="data/swf/engage_538/engage_content/VidLoader.html"/>
<file href="data/swf/engage_538/engage_content/VidLoader.swf"/>
<file href="data/swf/engage_538/engage_content/zoom.html"/>
<file href="data/swf/engage_538/engage_content/sounds/image_close.mp3"/>
<file href="data/swf/engage_538/engage_content/sounds/image_zoom.mp3"/>
<file href="data/swf/engage_538/engage_content/sounds/step_close.mp3"/>
<file href="data/swf/engage_538/engage_content/sounds/step_hover.mp3"/>
<file href="data/swf/engage_538/engage_content/sounds/step_select.mp3"/>
<file href="data/swf/engage_a147d/engage.html"/>
<file href="data/swf/engage_a147d/engage.swf"/>
<file href="data/swf/engage_a147d/integration.xml"/>
<file href="data/swf/engage_a147d/engage_content/data.xml"/>
<file href="data/swf/engage_a147d/engage_content/engage.js"/>
<file href="data/swf/engage_a147d/engage_content/image0.jpg"/>
<file href="data/swf/engage_a147d/engage_content/image1.jpg"/>
<file href="data/swf/engage_a147d/engage_content/image2.jpg"/>
<file href="data/swf/engage_a147d/engage_content/image4.jpg"/>
<file href="data/swf/engage_a147d/engage_content/scheme.xml"/>
<file href="data/swf/engage_a147d/engage_content/VidLoader.html"/>
<file href="data/swf/engage_a147d/engage_content/VidLoader.swf"/>
<file href="data/swf/engage_a147d/engage_content/zoom.html"/>
<file href="data/swf/engage_a147d/engage_content/sounds/image_close.mp3"/>
<file href="data/swf/engage_a147d/engage_content/sounds/image_zoom.mp3"/>
<file href="data/swf/engage_a147d/engage_content/sounds/step_close.mp3"/>
<file href="data/swf/engage_a147d/engage_content/sounds/step_hover.mp3"/>
<file href="data/swf/engage_a147d/engage_content/sounds/step_select.mp3"/>
<file href="data/swf/notes/notesbig1.swf"/>
<file href="data/swf/notes/notesbig10.swf"/>
<file href="data/swf/notes/notesbig100.swf"/>
<file href="data/swf/notes/notesbig101.swf"/>
<file href="data/swf/notes/notesbig11.swf"/>
<file href="data/swf/notes/notesbig12.swf"/>
<file href="data/swf/notes/notesbig13.swf"/>
<file href="data/swf/notes/notesbig14.swf"/>
<file href="data/swf/notes/notesbig15.swf"/>
<file href="data/swf/notes/notesbig16.swf"/>
<file href="data/swf/notes/notesbig17.swf"/>
<file href="data/swf/notes/notesbig18.swf"/>
<file href="data/swf/notes/notesbig19.swf"/>
<file href="data/swf/notes/notesbig2.swf"/>
<file href="data/swf/notes/notesbig20.swf"/>
<file href="data/swf/notes/notesbig21.swf"/>
<file href="data/swf/notes/notesbig22.swf"/>
<file href="data/swf/notes/notesbig23.swf"/>
<file href="data/swf/notes/notesbig25.swf"/>
<file href="data/swf/notes/notesbig26.swf"/>
<file href="data/swf/notes/notesbig27.swf"/>
<file href="data/swf/notes/notesbig28.swf"/>
<file href="data/swf/notes/notesbig29.swf"/>
<file href="data/swf/notes/notesbig3.swf"/>
<file href="data/swf/notes/notesbig30.swf"/>
<file href="data/swf/notes/notesbig31.swf"/>
<file href="data/swf/notes/notesbig32.swf"/>
<file href="data/swf/notes/notesbig33.swf"/>
<file href="data/swf/notes/notesbig34.swf"/>
<file href="data/swf/notes/notesbig35.swf"/>
<file href="data/swf/notes/notesbig36.swf"/>
<file href="data/swf/notes/notesbig37.swf"/>
<file href="data/swf/notes/notesbig38.swf"/>
<file href="data/swf/notes/notesbig39.swf"/>
<file href="data/swf/notes/notesbig4.swf"/>
<file href="data/swf/notes/notesbig40.swf"/>
<file href="data/swf/notes/notesbig41.swf"/>
<file href="data/swf/notes/notesbig42.swf"/>
<file href="data/swf/notes/notesbig43.swf"/>
<file href="data/swf/notes/notesbig44.swf"/>
<file href="data/swf/notes/notesbig45.swf"/>
<file href="data/swf/notes/notesbig46.swf"/>
<file href="data/swf/notes/notesbig47.swf"/>
<file href="data/swf/notes/notesbig48.swf"/>
<file href="data/swf/notes/notesbig49.swf"/>
<file href="data/swf/notes/notesbig50.swf"/>
<file href="data/swf/notes/notesbig51.swf"/>
<file href="data/swf/notes/notesbig52.swf"/>
<file href="data/swf/notes/notesbig53.swf"/>
<file href="data/swf/notes/notesbig54.swf"/>
<file href="data/swf/notes/notesbig56.swf"/>
<file href="data/swf/notes/notesbig57.swf"/>
<file href="data/swf/notes/notesbig58.swf"/>
<file href="data/swf/notes/notesbig59.swf"/>
<file href="data/swf/notes/notesbig60.swf"/>
<file href="data/swf/notes/notesbig61.swf"/>
<file href="data/swf/notes/notesbig62.swf"/>
<file href="data/swf/notes/notesbig63.swf"/>
<file href="data/swf/notes/notesbig64.swf"/>
<file href="data/swf/notes/notesbig65.swf"/>
<file href="data/swf/notes/notesbig66.swf"/>
<file href="data/swf/notes/notesbig67.swf"/>
<file href="data/swf/notes/notesbig68.swf"/>
<file href="data/swf/notes/notesbig69.swf"/>
<file href="data/swf/notes/notesbig70.swf"/>
<file href="data/swf/notes/notesbig71.swf"/>
<file href="data/swf/notes/notesbig72.swf"/>
<file href="data/swf/notes/notesbig74.swf"/>
<file href="data/swf/notes/notesbig75.swf"/>
<file href="data/swf/notes/notesbig76.swf"/>
<file href="data/swf/notes/notesbig77.swf"/>
<file href="data/swf/notes/notesbig78.swf"/>
<file href="data/swf/notes/notesbig79.swf"/>
<file href="data/swf/notes/notesbig80.swf"/>
<file href="data/swf/notes/notesbig81.swf"/>
<file href="data/swf/notes/notesbig82.swf"/>
<file href="data/swf/notes/notesbig83.swf"/>
<file href="data/swf/notes/notesbig84.swf"/>
<file href="data/swf/notes/notesbig86.swf"/>
<file href="data/swf/notes/notesbig87.swf"/>
<file href="data/swf/notes/notesbig88.swf"/>
<file href="data/swf/notes/notesbig89.swf"/>
<file href="data/swf/notes/notesbig9.swf"/>
<file href="data/swf/notes/notesbig90.swf"/>
<file href="data/swf/notes/notesbig91.swf"/>
<file href="data/swf/notes/notesbig92.swf"/>
<file href="data/swf/notes/notesbig93.swf"/>
<file href="data/swf/notes/notesbig94.swf"/>
<file href="data/swf/notes/notesbig95.swf"/>
<file href="data/swf/notes/notesbig96.swf"/>
<file href="data/swf/notes/notesbig97.swf"/>
<file href="data/swf/notes/notesbig98.swf"/>
<file href="data/swf/notes/notesbig99.swf"/>
<file href="data/swf/notes/notessmall1.swf"/>
<file href="data/swf/notes/notessmall10.swf"/>
<file href="data/swf/notes/notessmall100.swf"/>
<file href="data/swf/notes/notessmall101.swf"/>
<file href="data/swf/notes/notessmall11.swf"/>
<file href="data/swf/notes/notessmall12.swf"/>
<file href="data/swf/notes/notessmall13.swf"/>
<file href="data/swf/notes/notessmall14.swf"/>
<file href="data/swf/notes/notessmall15.swf"/>
<file href="data/swf/notes/notessmall16.swf"/>
<file href="data/swf/notes/notessmall17.swf"/>
<file href="data/swf/notes/notessmall18.swf"/>
<file href="data/swf/notes/notessmall19.swf"/>
<file href="data/swf/notes/notessmall2.swf"/>
<file href="data/swf/notes/notessmall20.swf"/>
<file href="data/swf/notes/notessmall21.swf"/>
<file href="data/swf/notes/notessmall22.swf"/>
<file href="data/swf/notes/notessmall23.swf"/>
<file href="data/swf/notes/notessmall25.swf"/>
<file href="data/swf/notes/notessmall26.swf"/>
<file href="data/swf/notes/notessmall27.swf"/>
<file href="data/swf/notes/notessmall28.swf"/>
<file href="data/swf/notes/notessmall29.swf"/>
<file href="data/swf/notes/notessmall3.swf"/>
<file href="data/swf/notes/notessmall30.swf"/>
<file href="data/swf/notes/notessmall31.swf"/>
<file href="data/swf/notes/notessmall32.swf"/>
<file href="data/swf/notes/notessmall33.swf"/>
<file href="data/swf/notes/notessmall34.swf"/>
<file href="data/swf/notes/notessmall35.swf"/>
<file href="data/swf/notes/notessmall36.swf"/>
<file href="data/swf/notes/notessmall37.swf"/>
<file href="data/swf/notes/notessmall38.swf"/>
<file href="data/swf/notes/notessmall39.swf"/>
<file href="data/swf/notes/notessmall4.swf"/>
<file href="data/swf/notes/notessmall40.swf"/>
<file href="data/swf/notes/notessmall41.swf"/>
<file href="data/swf/notes/notessmall42.swf"/>
<file href="data/swf/notes/notessmall43.swf"/>
<file href="data/swf/notes/notessmall44.swf"/>
<file href="data/swf/notes/notessmall45.swf"/>
<file href="data/swf/notes/notessmall46.swf"/>
<file href="data/swf/notes/notessmall47.swf"/>
<file href="data/swf/notes/notessmall48.swf"/>
<file href="data/swf/notes/notessmall49.swf"/>
<file href="data/swf/notes/notessmall50.swf"/>
<file href="data/swf/notes/notessmall51.swf"/>
<file href="data/swf/notes/notessmall52.swf"/>
<file href="data/swf/notes/notessmall53.swf"/>
<file href="data/swf/notes/notessmall54.swf"/>
<file href="data/swf/notes/notessmall56.swf"/>
<file href="data/swf/notes/notessmall57.swf"/>
<file href="data/swf/notes/notessmall58.swf"/>
<file href="data/swf/notes/notessmall59.swf"/>
<file href="data/swf/notes/notessmall60.swf"/>
<file href="data/swf/notes/notessmall61.swf"/>
<file href="data/swf/notes/notessmall62.swf"/>
<file href="data/swf/notes/notessmall63.swf"/>
<file href="data/swf/notes/notessmall64.swf"/>
<file href="data/swf/notes/notessmall65.swf"/>
<file href="data/swf/notes/notessmall66.swf"/>
<file href="data/swf/notes/notessmall67.swf"/>
<file href="data/swf/notes/notessmall68.swf"/>
<file href="data/swf/notes/notessmall69.swf"/>
<file href="data/swf/notes/notessmall70.swf"/>
<file href="data/swf/notes/notessmall71.swf"/>
<file href="data/swf/notes/notessmall72.swf"/>
<file href="data/swf/notes/notessmall74.swf"/>
<file href="data/swf/notes/notessmall75.swf"/>
<file href="data/swf/notes/notessmall76.swf"/>
<file href="data/swf/notes/notessmall77.swf"/>
<file href="data/swf/notes/notessmall78.swf"/>
<file href="data/swf/notes/notessmall79.swf"/>
<file href="data/swf/notes/notessmall80.swf"/>
<file href="data/swf/notes/notessmall81.swf"/>
<file href="data/swf/notes/notessmall82.swf"/>
<file href="data/swf/notes/notessmall83.swf"/>
<file href="data/swf/notes/notessmall84.swf"/>
<file href="data/swf/notes/notessmall86.swf"/>
<file href="data/swf/notes/notessmall87.swf"/>
<file href="data/swf/notes/notessmall88.swf"/>
<file href="data/swf/notes/notessmall89.swf"/>
<file href="data/swf/notes/notessmall9.swf"/>
<file href="data/swf/notes/notessmall90.swf"/>
<file href="data/swf/notes/notessmall91.swf"/>
<file href="data/swf/notes/notessmall92.swf"/>
<file href="data/swf/notes/notessmall93.swf"/>
<file href="data/swf/notes/notessmall94.swf"/>
<file href="data/swf/notes/notessmall95.swf"/>
<file href="data/swf/notes/notessmall96.swf"/>
<file href="data/swf/notes/notessmall97.swf"/>
<file href="data/swf/notes/notessmall98.swf"/>
<file href="data/swf/notes/notessmall99.swf"/>
<file href="data/swf/quizmaker_539/integration.xml"/>
<file href="data/swf/quizmaker_539/quiz.swf"/>
<file href="data/swf/quizmaker_539/quiz_content/2fbb09c5-f8f4-4a23-aff3-ef98ad013de3.mp3"/>
<file href="data/swf/quizmaker_539/quiz_content/349c2741-b3bf-4d29-8c1d-dc27093ed1fb.mp3"/>
<file href="data/swf/quizmaker_539/quiz_content/5510ca3b-df75-40a7-bc19-e2eb86d97fe8.mp3"/>
<file href="data/swf/quizmaker_539/quiz_content/cdac5dbf-4287-4618-85ea-02e501d31c8e.mp3"/>
<file href="data/swf/quizmaker_539/quiz_content/d3e77d51-55bb-423a-8840-7622732ef976.mp3"/>
<file href="data/swf/quizmaker_539/quiz_content/data.swf"/>
<file href="data/swf/quizmaker_539/quiz_content/Shape040f9e41-c1c7-4def-a93b-f969683cd0b7.swf"/>
<file href="data/swf/quizmaker_539/quiz_content/Shape06898c8e-474e-4589-9439-ae48706bbea0.swf"/>
<file href="data/swf/quizmaker_539/quiz_content/Shape0914c078-5cc4-40f2-8484-f004b6c0635c.swf"/>
<file href="data/swf/quizmaker_539/quiz_content/Shape353f10ef-458d-4873-9706-6897a2568e9f.swf"/>
<file href="data/swf/quizmaker_539/quiz_content/Shape3b801d91-b7fe-4645-8230-51452ad5b8cf.swf"/>
<file href="data/swf/quizmaker_539/quiz_content/Shape426323f4-50ec-4c0b-943e-db04f74f9916.swf"/>
<file href="data/swf/quizmaker_539/quiz_content/Shape4cfeb1fd-da60-4f4c-a362-50f60a2ec52a.swf"/>
<file href="data/swf/quizmaker_539/quiz_content/Shape57206d95-acc3-4968-a426-8de5bc920eb8.swf"/>
<file href="data/swf/quizmaker_539/quiz_content/Shape66af096b-0a56-42b9-bb49-765a1d0fc366.swf"/>
<file href="data/swf/quizmaker_539/quiz_content/Shape7b72ec26-77f9-412e-9ba0-b728e0d0a1b1.swf"/>
<file href="data/swf/quizmaker_539/quiz_content/Shapea5d7441c-b7e1-4584-adb1-9acee248b15a.swf"/>
<file href="data/swf/quizmaker_539/quiz_content/Shapea638f2fd-3e03-49ec-9346-b02950a4f927.swf"/>
<file href="data/swf/quizmaker_539/quiz_content/Shapeaaf89c88-6cc4-45de-8f5c-71f6031547bb.swf"/>
<file href="data/swf/quizmaker_539/quiz_content/Shapeab1a521d-5fa2-4d43-8600-b1fbfb0f9cc4.swf"/>
<file href="data/swf/quizmaker_539/quiz_content/Shapeb514949c-7c91-482b-b7d4-56bccd161fb3.swf"/>
<file href="data/swf/quizmaker_539/quiz_content/Shapeb7ed31e3-b977-46a6-9750-9506c6af69f5.swf"/>
<file href="data/swf/quizmaker_539/quiz_content/Shapeb8bdda8f-4fb3-41c7-868b-90712197bc7b.swf"/>
<file href="data/swf/quizmaker_539/quiz_content/Shapec3b14109-b855-479b-a48f-d244ae8ba3a5.swf"/>
<file href="data/swf/quizmaker_539/quiz_content/Shaped54ce09c-6783-4f10-8456-e7a7d60b0774.swf"/>
<file href="data/swf/quizmaker_539/quiz_content/Shapee24a7eb6-f841-4015-a1ff-ba1909a27bac.swf"/>
<file href="data/swf/quizmaker_539/quiz_content/Shapefb877e6e-b836-4da4-bdf5-ce6e1c29e203.swf"/>
<file href="data/swf/quizmaker_539/quiz_content/Slide455eeb96-9383-4b6a-b6df-c0d159c18054.swf"/>
<file href="data/swf/quizmaker_539/quiz_content/_ButtonClick.mp3"/>
<file href="data/swf/quizmaker_539/quiz_content/_ButtonHover.mp3"/>
<file href="data/swf/quizmaker_539/quiz_content/_ControlClick.mp3"/>
<file href="data/swf/quizmaker_539/quiz_content/_WindowClose.mp3"/>
<file href="data/swf/quizmaker_539/quiz_content/_WindowOpen.mp3"/>
<file href="index_lms.html"/>
<file href="lms/AICCComm.html"/>
<file href="lms/AICCFunctions.js"/>
<file href="lms/API.js"/>
<file href="lms/APIConstants.js"/>
<file href="lms/SCORMDiscovery.js"/>
<file href="lms/blank.html"/>
<file href="lms/browsersniff.js"/>
<file href="lms/Configuration.js"/>
<file href="lms/goodbye.html"/>
<file href="lms/lms.js"/>
<file href="lms/LMSAPI.js"/>
<file href="lms/NONEFunctions.js"/>
<file href="lms/SCORM2004Functions.js"/>
<file href="lms/SCORMFunctions.js"/>
<file href="lms/UtilityFunctions.js"/>

	    </resource>
	</resources>
</manifest>
