<Interaction Type="FAQ" ContentFolder="proj_content" Title="帮助" Numbering="0" animation="bounce" contentfont="Articulate" jpegquality="80" autoplay="false" autoplayduration="5" headingfont="Articulate" navfont="Articulate" soundeffects="true" volumebutton="true" audioquality="low" audiocustombitrate="br112Kbps" audiocustomfrequency="fq12KHz" audiocustomchannel="ccMono" navbuttons="true" forceorder="false" detectflashver="true" version="2.2.907.1413" borderstyle="round_inset">
  <Search enabled="false" searchtext="Search" resulttext="found for" />
  <steps>
    <Step id="3f51d3c4-4729-4bca-aebe-00053e63a8f9" name="基本导航" title="" number="" html="&lt;p align='left'&gt;&lt;font face='宋体' size='13' color=''&gt;使用屏幕底部的导航工具&lt;/font&gt;&lt;/p&gt;">
      <image width="246" height="100" zoomheight="180" playbar="false" autoplay="false" zoomwidth="440" zoommode="Embedded" allowzoom="true" align="topright" duration="0" framerate="30" name="image0.jpg" zoomimage="imageZoom0.jpg" />
    </Step>
    <Step id="1893aeef-81ab-4e1f-be19-e96f3d48e8bd" name="音频" title="" number="" html="&lt;p align='left'&gt;&lt;font face='宋体' size='13' color=''&gt;这次培训有音频，因此一定要打开您的扬声器。您可以通过屏幕底部图标调整音频的音量&lt;/font&gt;&lt;/p&gt;">
      <image width="200" height="200" zoomheight="200" playbar="false" autoplay="false" zoomwidth="200" zoommode="Embedded" allowzoom="false" align="topright" duration="0" framerate="30" name="image1.jpg" zoomimage="" />
    </Step>
  </steps>
  <nextslide enabled="False" text="" show="" />
  <starttip show="false" text="Click next to continue" />
  <resume id="8aee4314-0156-451d-8023-35f37d2c95a2" enabled="false" />
</Interaction>