﻿<?xml version="1.0" encoding="utf-8"?>

<manifest identifier="Test1027-MANIFEST" version="1.0"
  xmlns="http://www.imsproject.org/xsd/imscp_rootv1p1p2"
  xmlns:adlcp="http://www.adlnet.org/xsd/adlcp_rootv1p2"
  xmlns:xsi="http://www.w3.org/2001/XMLSchema-instance"
    xsi:schemaLocation="http://www.imsproject.org/xsd/imscp_rootv1p1p2 imscp_rootv1p1p2.xsd
                        http://www.imsglobal.org/xsd/imsmd_rootv1p2p1 imsmd_rootv1p2p1.xsd
                        http://www.adlnet.org/xsd/adlcp_rootv1p2 adlcp_rootv1p2.xsd" >

<metadata>
<schema>ADL SCORM</schema>
<schemaversion>1.2</schemaversion>
<adlcp:location>imsmetadata.xml</adlcp:location>
</metadata>
 
<organizations default="TOC1">
<organization identifier="TOC1">
<title>电动托盘搬运车操作员培训</title >
<item identifier="I_SCO0" identifierref="SCO0">
<title>SCO1</title>
</item>
<item identifier="I_SCO1" identifierref="SCO1">
<title>SCO2</title>
</item>
<item identifier="I_SCO2" identifierref="SCO2">
<title>SCO3</title>
</item>
<item identifier="I_SCO3" identifierref="SCO3">
<title>SCO4</title>
</item>
</organization>
</organizations>

<resources>
<resource identifier="SCO0" type="webcontent" adlcp:scormtype="sco" href="SCOs/sco1/index_lms.html">
<file href="SCOs/sco1/index_lms.html" />
<dependency identifierref="ALLRESOURCES" />
</resource>

<resource identifier="SCO1" type="webcontent" adlcp:scormtype="sco" href="SCOs/sco2/index_lms.html">
<file href="SCOs/sco2/index_lms.html" />
<dependency identifierref="ALLRESOURCES" />
</resource>

<resource identifier="SCO2" type="webcontent" adlcp:scormtype="sco" href="SCOs/sco3/index_lms.html">
<file href="SCOs/sco3/index_lms.html" />
<dependency identifierref="ALLRESOURCES" />
</resource>

<resource identifier="SCO3" type="webcontent" adlcp:scormtype="sco" href="SCOs/sco4/index_lms.html">
<file href="SCOs/sco4/index_lms.html" />
<dependency identifierref="ALLRESOURCES" />
</resource>

<resource identifier="ALLRESOURCES" type="webcontent" adlcp:scormtype="asset">
<file href="SCOs/sco1/adlcp_rootv1p2.xsd" />
<file href="SCOs/sco1/data/playerproperties.xml" />
<file href="SCOs/sco1/data/presentation.xml" />
<file href="SCOs/sco1/data/swf/engage_ad6bb/engage.html" />
<file href="SCOs/sco1/data/swf/engage_ad6bb/engage.swf" />
<file href="SCOs/sco1/data/swf/engage_ad6bb/engage_content/VidLoader.html" />
<file href="SCOs/sco1/data/swf/engage_ad6bb/engage_content/VidLoader.swf" />
<file href="SCOs/sco1/data/swf/engage_ad6bb/engage_content/data.xml" />
<file href="SCOs/sco1/data/swf/engage_ad6bb/engage_content/engage.js" />
<file href="SCOs/sco1/data/swf/engage_ad6bb/engage_content/image0.jpg" />
<file href="SCOs/sco1/data/swf/engage_ad6bb/engage_content/image1.jpg" />
<file href="SCOs/sco1/data/swf/engage_ad6bb/engage_content/imageZoom0.jpg" />
<file href="SCOs/sco1/data/swf/engage_ad6bb/engage_content/scheme.xml" />
<file href="SCOs/sco1/data/swf/engage_ad6bb/engage_content/sounds/image_close.mp3" />
<file href="SCOs/sco1/data/swf/engage_ad6bb/engage_content/sounds/image_zoom.mp3" />
<file href="SCOs/sco1/data/swf/engage_ad6bb/engage_content/sounds/step_close.mp3" />
<file href="SCOs/sco1/data/swf/engage_ad6bb/engage_content/sounds/step_hover.mp3" />
<file href="SCOs/sco1/data/swf/engage_ad6bb/engage_content/sounds/step_select.mp3" />
<file href="SCOs/sco1/data/swf/engage_ad6bb/engage_content/zoom.html" />
<file href="SCOs/sco1/data/swf/engage_ad6bb/integration.xml" />
<file href="SCOs/sco1/data/swf/notes/notesbig2.swf" />
<file href="SCOs/sco1/data/swf/notes/notessmall2.swf" />
<file href="SCOs/sco1/data/swf/slide1.swf" />
<file href="SCOs/sco1/data/swf/slide2.swf" />
<file href="SCOs/sco1/data/swf/tb1.swf" />
<file href="SCOs/sco1/data/swf/tb2.swf" />
<file href="SCOs/sco1/ims_xml.xsd" />
<file href="SCOs/sco1/imscp_rootv1p1p2.xsd" />
<file href="SCOs/sco1/imsmanifest.xml" />
<file href="SCOs/sco1/imsmd_rootv1p2p1.xsd" />
<file href="SCOs/sco1/index_lms.html" />
<file href="SCOs/sco1/lms/AICCComm.html" />
<file href="SCOs/sco1/lms/AICCFunctions.js" />
<file href="SCOs/sco1/lms/API.js" />
<file href="SCOs/sco1/lms/APIConstants.js" />
<file href="SCOs/sco1/lms/Configuration.js" />
<file href="SCOs/sco1/lms/LMSAPI.js" />
<file href="SCOs/sco1/lms/NONEFunctions.js" />
<file href="SCOs/sco1/lms/SCORM2004Functions.js" />
<file href="SCOs/sco1/lms/SCORMDiscovery.js" />
<file href="SCOs/sco1/lms/SCORMFunctions.js" />
<file href="SCOs/sco1/lms/UtilityFunctions.js" />
<file href="SCOs/sco1/lms/blank.html" />
<file href="SCOs/sco1/lms/browsersniff.js" />
<file href="SCOs/sco1/lms/goodbye.html" />
<file href="SCOs/sco1/lms/lms.js" />
<file href="SCOs/sco1/player.html" />
<file href="SCOs/sco1/player/PassVar.swf" />
<file href="SCOs/sco1/player/VideoPlayer.html" />
<file href="SCOs/sco1/player/VideoPlayer.swf" />
<file href="SCOs/sco1/player/annotations.swf" />
<file href="SCOs/sco1/player/ast_alert.swf" />
<file href="SCOs/sco1/player/ast_loader.swf" />
<file href="SCOs/sco1/player/ast_navicons.swf" />
<file href="SCOs/sco1/player/ast_notes.swf" />
<file href="SCOs/sco1/player/ast_remote.swf" />
<file href="SCOs/sco1/player/ast_vidpresenter.swf" />
<file href="SCOs/sco1/player/attach.html" />
<file href="SCOs/sco1/player/blank.html" />
<file href="SCOs/sco1/player/button.gif" />
<file href="SCOs/sco1/player/flashcommand.js" />
<file href="SCOs/sco1/player/infopanel_standard.swf" />
<file href="SCOs/sco1/player/logopanel.swf" />
<file href="SCOs/sco1/player/mod_colorizer.swf" />
<file href="SCOs/sco1/player/mod_colorizer_lib.swf" />
<file href="SCOs/sco1/player/mod_engage.swf" />
<file href="SCOs/sco1/player/mod_exit.swf" />
<file href="SCOs/sco1/player/mod_quiz.swf" />
<file href="SCOs/sco1/player/mod_reference.swf" />
<file href="SCOs/sco1/player/null.swf" />
<file href="SCOs/sco1/player/playershell.swf" />
<file href="SCOs/sco1/player/slidegroup.swf" />
<file href="SCOs/sco1/player/stealthray.swf" />
<file href="SCOs/sco1/player/utils.js" />
<file href="SCOs/sco1/player/zoom.html" />
<file href="SCOs/sco2/adlcp_rootv1p2.xsd" />
<file href="SCOs/sco2/data/playerproperties.xml" />
<file href="SCOs/sco2/data/presentation.xml" />
<file href="SCOs/sco2/data/swf/bgd1l2.swf" />
<file href="SCOs/sco2/data/swf/bgd1l6.swf" />
<file href="SCOs/sco2/data/swf/engage_ad6bb/engage.html" />
<file href="SCOs/sco2/data/swf/engage_ad6bb/engage.swf" />
<file href="SCOs/sco2/data/swf/engage_ad6bb/engage_content/VidLoader.html" />
<file href="SCOs/sco2/data/swf/engage_ad6bb/engage_content/VidLoader.swf" />
<file href="SCOs/sco2/data/swf/engage_ad6bb/engage_content/data.xml" />
<file href="SCOs/sco2/data/swf/engage_ad6bb/engage_content/engage.js" />
<file href="SCOs/sco2/data/swf/engage_ad6bb/engage_content/image0.jpg" />
<file href="SCOs/sco2/data/swf/engage_ad6bb/engage_content/image1.jpg" />
<file href="SCOs/sco2/data/swf/engage_ad6bb/engage_content/imageZoom0.jpg" />
<file href="SCOs/sco2/data/swf/engage_ad6bb/engage_content/scheme.xml" />
<file href="SCOs/sco2/data/swf/engage_ad6bb/engage_content/sounds/image_close.mp3" />
<file href="SCOs/sco2/data/swf/engage_ad6bb/engage_content/sounds/image_zoom.mp3" />
<file href="SCOs/sco2/data/swf/engage_ad6bb/engage_content/sounds/step_close.mp3" />
<file href="SCOs/sco2/data/swf/engage_ad6bb/engage_content/sounds/step_hover.mp3" />
<file href="SCOs/sco2/data/swf/engage_ad6bb/engage_content/sounds/step_select.mp3" />
<file href="SCOs/sco2/data/swf/engage_ad6bb/engage_content/zoom.html" />
<file href="SCOs/sco2/data/swf/engage_ad6bb/integration.xml" />
<file href="SCOs/sco2/data/swf/fm_pallet_jack_electric_2.flv" />
<file href="SCOs/sco2/data/swf/notes/notesbig1.swf" />
<file href="SCOs/sco2/data/swf/notes/notesbig2.swf" />
<file href="SCOs/sco2/data/swf/notes/notesbig4.swf" />
<file href="SCOs/sco2/data/swf/notes/notesbig5.swf" />
<file href="SCOs/sco2/data/swf/notes/notessmall1.swf" />
<file href="SCOs/sco2/data/swf/notes/notessmall2.swf" />
<file href="SCOs/sco2/data/swf/notes/notessmall4.swf" />
<file href="SCOs/sco2/data/swf/notes/notessmall5.swf" />
<file href="SCOs/sco2/data/swf/slide1.swf" />
<file href="SCOs/sco2/data/swf/slide2.swf" />
<file href="SCOs/sco2/data/swf/slide3.swf" />
<file href="SCOs/sco2/data/swf/slide4.swf" />
<file href="SCOs/sco2/data/swf/slide5.swf" />
<file href="SCOs/sco2/data/swf/tb1.swf" />
<file href="SCOs/sco2/data/swf/tb2.swf" />
<file href="SCOs/sco2/data/swf/tb3.swf" />
<file href="SCOs/sco2/data/swf/tb4.swf" />
<file href="SCOs/sco2/data/swf/tb5.swf" />
<file href="SCOs/sco2/ims_xml.xsd" />
<file href="SCOs/sco2/imscp_rootv1p1p2.xsd" />
<file href="SCOs/sco2/imsmanifest.xml" />
<file href="SCOs/sco2/imsmd_rootv1p2p1.xsd" />
<file href="SCOs/sco2/index_lms.html" />
<file href="SCOs/sco2/lms/AICCComm.html" />
<file href="SCOs/sco2/lms/AICCFunctions.js" />
<file href="SCOs/sco2/lms/API.js" />
<file href="SCOs/sco2/lms/APIConstants.js" />
<file href="SCOs/sco2/lms/Configuration.js" />
<file href="SCOs/sco2/lms/LMSAPI.js" />
<file href="SCOs/sco2/lms/NONEFunctions.js" />
<file href="SCOs/sco2/lms/SCORM2004Functions.js" />
<file href="SCOs/sco2/lms/SCORMDiscovery.js" />
<file href="SCOs/sco2/lms/SCORMFunctions.js" />
<file href="SCOs/sco2/lms/UtilityFunctions.js" />
<file href="SCOs/sco2/lms/blank.html" />
<file href="SCOs/sco2/lms/browsersniff.js" />
<file href="SCOs/sco2/lms/goodbye.html" />
<file href="SCOs/sco2/lms/lms.js" />
<file href="SCOs/sco2/player.html" />
<file href="SCOs/sco2/player/PassVar.swf" />
<file href="SCOs/sco2/player/VideoPlayer.html" />
<file href="SCOs/sco2/player/VideoPlayer.swf" />
<file href="SCOs/sco2/player/annotations.swf" />
<file href="SCOs/sco2/player/ast_alert.swf" />
<file href="SCOs/sco2/player/ast_loader.swf" />
<file href="SCOs/sco2/player/ast_navicons.swf" />
<file href="SCOs/sco2/player/ast_notes.swf" />
<file href="SCOs/sco2/player/ast_remote.swf" />
<file href="SCOs/sco2/player/ast_vidpresenter.swf" />
<file href="SCOs/sco2/player/attach.html" />
<file href="SCOs/sco2/player/blank.html" />
<file href="SCOs/sco2/player/button.gif" />
<file href="SCOs/sco2/player/flashcommand.js" />
<file href="SCOs/sco2/player/infopanel_standard.swf" />
<file href="SCOs/sco2/player/logopanel.swf" />
<file href="SCOs/sco2/player/mod_colorizer.swf" />
<file href="SCOs/sco2/player/mod_colorizer_lib.swf" />
<file href="SCOs/sco2/player/mod_engage.swf" />
<file href="SCOs/sco2/player/mod_exit.swf" />
<file href="SCOs/sco2/player/mod_quiz.swf" />
<file href="SCOs/sco2/player/mod_reference.swf" />
<file href="SCOs/sco2/player/null.swf" />
<file href="SCOs/sco2/player/playershell.swf" />
<file href="SCOs/sco2/player/slidegroup.swf" />
<file href="SCOs/sco2/player/stealthray.swf" />
<file href="SCOs/sco2/player/utils.js" />
<file href="SCOs/sco2/player/zoom.html" />
<file href="SCOs/sco3/adlcp_rootv1p2.xsd" />
<file href="SCOs/sco3/data/playerproperties.xml" />
<file href="SCOs/sco3/data/presentation.xml" />
<file href="SCOs/sco3/data/swf/bgd1l2.swf" />
<file href="SCOs/sco3/data/swf/engage_315/engage.html" />
<file href="SCOs/sco3/data/swf/engage_315/engage.swf" />
<file href="SCOs/sco3/data/swf/engage_315/engage_content/VidLoader.html" />
<file href="SCOs/sco3/data/swf/engage_315/engage_content/VidLoader.swf" />
<file href="SCOs/sco3/data/swf/engage_315/engage_content/data.xml" />
<file href="SCOs/sco3/data/swf/engage_315/engage_content/engage.js" />
<file href="SCOs/sco3/data/swf/engage_315/engage_content/image1.jpg" />
<file href="SCOs/sco3/data/swf/engage_315/engage_content/image3.jpg" />
<file href="SCOs/sco3/data/swf/engage_315/engage_content/image4.jpg" />
<file href="SCOs/sco3/data/swf/engage_315/engage_content/image5.jpg" />
<file href="SCOs/sco3/data/swf/engage_315/engage_content/image6.jpg" />
<file href="SCOs/sco3/data/swf/engage_315/engage_content/image8.jpg" />
<file href="SCOs/sco3/data/swf/engage_315/engage_content/scheme.xml" />
<file href="SCOs/sco3/data/swf/engage_315/engage_content/sounds/image_close.mp3" />
<file href="SCOs/sco3/data/swf/engage_315/engage_content/sounds/image_zoom.mp3" />
<file href="SCOs/sco3/data/swf/engage_315/engage_content/sounds/step_close.mp3" />
<file href="SCOs/sco3/data/swf/engage_315/engage_content/sounds/step_hover.mp3" />
<file href="SCOs/sco3/data/swf/engage_315/engage_content/sounds/step_select.mp3" />
<file href="SCOs/sco3/data/swf/engage_315/engage_content/swf4.swf" />
<file href="SCOs/sco3/data/swf/engage_315/engage_content/swf5.swf" />
<file href="SCOs/sco3/data/swf/engage_315/engage_content/swf6.swf" />
<file href="SCOs/sco3/data/swf/engage_315/engage_content/swf7.swf" />
<file href="SCOs/sco3/data/swf/engage_315/engage_content/swf8.swf" />
<file href="SCOs/sco3/data/swf/engage_315/engage_content/zoom.html" />
<file href="SCOs/sco3/data/swf/engage_315/integration.xml" />
<file href="SCOs/sco3/data/swf/engage_ad6bb/engage.html" />
<file href="SCOs/sco3/data/swf/engage_ad6bb/engage.swf" />
<file href="SCOs/sco3/data/swf/engage_ad6bb/engage_content/VidLoader.html" />
<file href="SCOs/sco3/data/swf/engage_ad6bb/engage_content/VidLoader.swf" />
<file href="SCOs/sco3/data/swf/engage_ad6bb/engage_content/data.xml" />
<file href="SCOs/sco3/data/swf/engage_ad6bb/engage_content/engage.js" />
<file href="SCOs/sco3/data/swf/engage_ad6bb/engage_content/image0.jpg" />
<file href="SCOs/sco3/data/swf/engage_ad6bb/engage_content/image1.jpg" />
<file href="SCOs/sco3/data/swf/engage_ad6bb/engage_content/imageZoom0.jpg" />
<file href="SCOs/sco3/data/swf/engage_ad6bb/engage_content/scheme.xml" />
<file href="SCOs/sco3/data/swf/engage_ad6bb/engage_content/sounds/image_close.mp3" />
<file href="SCOs/sco3/data/swf/engage_ad6bb/engage_content/sounds/image_zoom.mp3" />
<file href="SCOs/sco3/data/swf/engage_ad6bb/engage_content/sounds/step_close.mp3" />
<file href="SCOs/sco3/data/swf/engage_ad6bb/engage_content/sounds/step_hover.mp3" />
<file href="SCOs/sco3/data/swf/engage_ad6bb/engage_content/sounds/step_select.mp3" />
<file href="SCOs/sco3/data/swf/engage_ad6bb/engage_content/zoom.html" />
<file href="SCOs/sco3/data/swf/engage_ad6bb/integration.xml" />
<file href="SCOs/sco3/data/swf/notes/notesbig2.swf" />
<file href="SCOs/sco3/data/swf/notes/notessmall2.swf" />
<file href="SCOs/sco3/data/swf/slide1.swf" />
<file href="SCOs/sco3/data/swf/slide2.swf" />
<file href="SCOs/sco3/data/swf/tb1.swf" />
<file href="SCOs/sco3/data/swf/tb2.swf" />
<file href="SCOs/sco3/data/swf/tb3.swf" />
<file href="SCOs/sco3/ims_xml.xsd" />
<file href="SCOs/sco3/imscp_rootv1p1p2.xsd" />
<file href="SCOs/sco3/imsmanifest.xml" />
<file href="SCOs/sco3/imsmd_rootv1p2p1.xsd" />
<file href="SCOs/sco3/index_lms.html" />
<file href="SCOs/sco3/lms/AICCComm.html" />
<file href="SCOs/sco3/lms/AICCFunctions.js" />
<file href="SCOs/sco3/lms/API.js" />
<file href="SCOs/sco3/lms/APIConstants.js" />
<file href="SCOs/sco3/lms/Configuration.js" />
<file href="SCOs/sco3/lms/LMSAPI.js" />
<file href="SCOs/sco3/lms/NONEFunctions.js" />
<file href="SCOs/sco3/lms/SCORM2004Functions.js" />
<file href="SCOs/sco3/lms/SCORMDiscovery.js" />
<file href="SCOs/sco3/lms/SCORMFunctions.js" />
<file href="SCOs/sco3/lms/UtilityFunctions.js" />
<file href="SCOs/sco3/lms/blank.html" />
<file href="SCOs/sco3/lms/browsersniff.js" />
<file href="SCOs/sco3/lms/goodbye.html" />
<file href="SCOs/sco3/lms/lms.js" />
<file href="SCOs/sco3/player.html" />
<file href="SCOs/sco3/player/PassVar.swf" />
<file href="SCOs/sco3/player/VideoPlayer.html" />
<file href="SCOs/sco3/player/VideoPlayer.swf" />
<file href="SCOs/sco3/player/annotations.swf" />
<file href="SCOs/sco3/player/ast_alert.swf" />
<file href="SCOs/sco3/player/ast_loader.swf" />
<file href="SCOs/sco3/player/ast_navicons.swf" />
<file href="SCOs/sco3/player/ast_notes.swf" />
<file href="SCOs/sco3/player/ast_remote.swf" />
<file href="SCOs/sco3/player/ast_vidpresenter.swf" />
<file href="SCOs/sco3/player/attach.html" />
<file href="SCOs/sco3/player/blank.html" />
<file href="SCOs/sco3/player/button.gif" />
<file href="SCOs/sco3/player/flashcommand.js" />
<file href="SCOs/sco3/player/infopanel_standard.swf" />
<file href="SCOs/sco3/player/logopanel.swf" />
<file href="SCOs/sco3/player/mod_colorizer.swf" />
<file href="SCOs/sco3/player/mod_colorizer_lib.swf" />
<file href="SCOs/sco3/player/mod_engage.swf" />
<file href="SCOs/sco3/player/mod_exit.swf" />
<file href="SCOs/sco3/player/mod_quiz.swf" />
<file href="SCOs/sco3/player/mod_reference.swf" />
<file href="SCOs/sco3/player/null.swf" />
<file href="SCOs/sco3/player/playershell.swf" />
<file href="SCOs/sco3/player/slidegroup.swf" />
<file href="SCOs/sco3/player/stealthray.swf" />
<file href="SCOs/sco3/player/utils.js" />
<file href="SCOs/sco3/player/zoom.html" />
<file href="SCOs/sco4/adlcp_rootv1p2.xsd" />
<file href="SCOs/sco4/data/playerproperties.xml" />
<file href="SCOs/sco4/data/presentation.xml" />
<file href="SCOs/sco4/data/swf/bgd1l6.swf" />
<file href="SCOs/sco4/data/swf/engage_ad6bb/engage.html" />
<file href="SCOs/sco4/data/swf/engage_ad6bb/engage.swf" />
<file href="SCOs/sco4/data/swf/engage_ad6bb/engage_content/VidLoader.html" />
<file href="SCOs/sco4/data/swf/engage_ad6bb/engage_content/VidLoader.swf" />
<file href="SCOs/sco4/data/swf/engage_ad6bb/engage_content/data.xml" />
<file href="SCOs/sco4/data/swf/engage_ad6bb/engage_content/engage.js" />
<file href="SCOs/sco4/data/swf/engage_ad6bb/engage_content/image0.jpg" />
<file href="SCOs/sco4/data/swf/engage_ad6bb/engage_content/image1.jpg" />
<file href="SCOs/sco4/data/swf/engage_ad6bb/engage_content/imageZoom0.jpg" />
<file href="SCOs/sco4/data/swf/engage_ad6bb/engage_content/scheme.xml" />
<file href="SCOs/sco4/data/swf/engage_ad6bb/engage_content/sounds/image_close.mp3" />
<file href="SCOs/sco4/data/swf/engage_ad6bb/engage_content/sounds/image_zoom.mp3" />
<file href="SCOs/sco4/data/swf/engage_ad6bb/engage_content/sounds/step_close.mp3" />
<file href="SCOs/sco4/data/swf/engage_ad6bb/engage_content/sounds/step_hover.mp3" />
<file href="SCOs/sco4/data/swf/engage_ad6bb/engage_content/sounds/step_select.mp3" />
<file href="SCOs/sco4/data/swf/engage_ad6bb/engage_content/zoom.html" />
<file href="SCOs/sco4/data/swf/engage_ad6bb/integration.xml" />
<file href="SCOs/sco4/data/swf/notes/notesbig2.swf" />
<file href="SCOs/sco4/data/swf/notes/notessmall2.swf" />
<file href="SCOs/sco4/data/swf/quizmaker_316/integration.xml" />
<file href="SCOs/sco4/data/swf/quizmaker_316/quiz.swf" />
<file href="SCOs/sco4/data/swf/quizmaker_316/quiz_content/07783dae-d32e-4676-b583-9d0ebf083d9a.mp3" />
<file href="SCOs/sco4/data/swf/quizmaker_316/quiz_content/199c9088-0b3d-408a-b96f-6009be7783db.mp3" />
<file href="SCOs/sco4/data/swf/quizmaker_316/quiz_content/45408942-39f9-4e62-9712-89d4756a92f9.mp3" />
<file href="SCOs/sco4/data/swf/quizmaker_316/quiz_content/59303bc9-7bc6-444d-a829-a74ac75e9987.mp3" />
<file href="SCOs/sco4/data/swf/quizmaker_316/quiz_content/6bb79990-c22a-4ae4-a90e-a7257acc21f1.mp3" />
<file href="SCOs/sco4/data/swf/quizmaker_316/quiz_content/707e6a47-3bbf-4753-b22a-5daf7c623a76.mp3" />
<file href="SCOs/sco4/data/swf/quizmaker_316/quiz_content/7c2ee98e-30b4-493f-b8de-7acf824fd924.mp3" />
<file href="SCOs/sco4/data/swf/quizmaker_316/quiz_content/947d08b5-2bbe-4f21-8206-0132440aa0fa.mp3" />
<file href="SCOs/sco4/data/swf/quizmaker_316/quiz_content/Shape075c5f21-ac2c-4195-98e8-30942ea2331f.swf" />
<file href="SCOs/sco4/data/swf/quizmaker_316/quiz_content/Shape0efc3c4c-3360-4ad7-9e80-7041bf48c07c.swf" />
<file href="SCOs/sco4/data/swf/quizmaker_316/quiz_content/Shape7d06bbc0-827b-4205-b90c-b8a638ca48e4.swf" />
<file href="SCOs/sco4/data/swf/quizmaker_316/quiz_content/Shapeb6859fc1-c4af-43a4-a170-66a9e70559c0.swf" />
<file href="SCOs/sco4/data/swf/quizmaker_316/quiz_content/Shapef341d450-bd63-48a2-b9e3-6f408d85e76b.swf" />
<file href="SCOs/sco4/data/swf/quizmaker_316/quiz_content/Shapefbe10382-c3bb-468c-9c83-3762a494d0bd.swf" />
<file href="SCOs/sco4/data/swf/quizmaker_316/quiz_content/Shapefe622309-0687-4cbb-b95b-355487b288bd.swf" />
<file href="SCOs/sco4/data/swf/quizmaker_316/quiz_content/_ButtonClick.mp3" />
<file href="SCOs/sco4/data/swf/quizmaker_316/quiz_content/_ButtonHover.mp3" />
<file href="SCOs/sco4/data/swf/quizmaker_316/quiz_content/_ControlClick.mp3" />
<file href="SCOs/sco4/data/swf/quizmaker_316/quiz_content/_WindowClose.mp3" />
<file href="SCOs/sco4/data/swf/quizmaker_316/quiz_content/_WindowOpen.mp3" />
<file href="SCOs/sco4/data/swf/quizmaker_316/quiz_content/a7de6ff5-3ebf-4230-9819-b4f26eb441af.mp3" />
<file href="SCOs/sco4/data/swf/quizmaker_316/quiz_content/data.swf" />
<file href="SCOs/sco4/data/swf/quizmaker_316/quiz_content/e6451929-3833-41dc-a5c4-96e4886a3f6d.mp3" />
<file href="SCOs/sco4/data/swf/quizmaker_316/quiz_content/fad7f12d-9c6c-4ed8-9d67-4b2cc9e5a561.mp3" />
<file href="SCOs/sco4/data/swf/quizmaker_316/quiz_content/video_01802cf1-0f9d-4b16-b0ef-eed81a86b582.swf" />
<file href="SCOs/sco4/data/swf/slide2.swf" />
<file href="SCOs/sco4/data/swf/tb1.swf" />
<file href="SCOs/sco4/data/swf/tb2.swf" />
<file href="SCOs/sco4/ims_xml.xsd" />
<file href="SCOs/sco4/imscp_rootv1p1p2.xsd" />
<file href="SCOs/sco4/imsmanifest.xml" />
<file href="SCOs/sco4/imsmd_rootv1p2p1.xsd" />
<file href="SCOs/sco4/index_lms.html" />
<file href="SCOs/sco4/lms/AICCComm.html" />
<file href="SCOs/sco4/lms/AICCFunctions.js" />
<file href="SCOs/sco4/lms/API.js" />
<file href="SCOs/sco4/lms/APIConstants.js" />
<file href="SCOs/sco4/lms/Configuration.js" />
<file href="SCOs/sco4/lms/LMSAPI.js" />
<file href="SCOs/sco4/lms/NONEFunctions.js" />
<file href="SCOs/sco4/lms/SCORM2004Functions.js" />
<file href="SCOs/sco4/lms/SCORMDiscovery.js" />
<file href="SCOs/sco4/lms/SCORMFunctions.js" />
<file href="SCOs/sco4/lms/UtilityFunctions.js" />
<file href="SCOs/sco4/lms/blank.html" />
<file href="SCOs/sco4/lms/browsersniff.js" />
<file href="SCOs/sco4/lms/goodbye.html" />
<file href="SCOs/sco4/lms/lms.js" />
<file href="SCOs/sco4/player.html" />
<file href="SCOs/sco4/player/PassVar.swf" />
<file href="SCOs/sco4/player/VideoPlayer.html" />
<file href="SCOs/sco4/player/VideoPlayer.swf" />
<file href="SCOs/sco4/player/annotations.swf" />
<file href="SCOs/sco4/player/ast_alert.swf" />
<file href="SCOs/sco4/player/ast_loader.swf" />
<file href="SCOs/sco4/player/ast_navicons.swf" />
<file href="SCOs/sco4/player/ast_notes.swf" />
<file href="SCOs/sco4/player/ast_remote.swf" />
<file href="SCOs/sco4/player/ast_vidpresenter.swf" />
<file href="SCOs/sco4/player/attach.html" />
<file href="SCOs/sco4/player/blank.html" />
<file href="SCOs/sco4/player/button.gif" />
<file href="SCOs/sco4/player/flashcommand.js" />
<file href="SCOs/sco4/player/infopanel_standard.swf" />
<file href="SCOs/sco4/player/logopanel.swf" />
<file href="SCOs/sco4/player/mod_colorizer.swf" />
<file href="SCOs/sco4/player/mod_colorizer_lib.swf" />
<file href="SCOs/sco4/player/mod_engage.swf" />
<file href="SCOs/sco4/player/mod_exit.swf" />
<file href="SCOs/sco4/player/mod_quiz.swf" />
<file href="SCOs/sco4/player/mod_reference.swf" />
<file href="SCOs/sco4/player/null.swf" />
<file href="SCOs/sco4/player/playershell.swf" />
<file href="SCOs/sco4/player/slidegroup.swf" />
<file href="SCOs/sco4/player/stealthray.swf" />
<file href="SCOs/sco4/player/utils.js" />
<file href="SCOs/sco4/player/zoom.html" />
</resource>

</resources>

</manifest>