﻿<?xml version="1.0" encoding="utf-8"?>
<state xmlns:xsi="http://www.w3.org/2001/XMLSchema-instance" xmlns:xsd="http://www.w3.org/2001/XMLSchema" name="2013/2/5 9:55:49" g="fa0c98d4-a7ab-445a-b0bc-467d5be03952" context="0" flags="0" type="1" w="720" h="540" fontname="微软雅黑">
	<components>
		<component>C:\Program Files (x86)\Common Files\Articulate\Shared\1.0\Player.swf</component>
		<component>C:\Program Files (x86)\Common Files\Articulate\Shared\1.0\Frames\ccSmoothFrame.swf</component>
		<component>C:\Program Files (x86)\Common Files\Articulate\Shared\1.0\Windows\ccSmoothWindow.swf</component>
		<component>C:\Program Files (x86)\Common Files\Articulate\Shared\1.0\Windows\ccAudioWindow.swf</component>
		<component>C:\Program Files (x86)\Common Files\Articulate\Shared\1.0\Text\ccText.swf</component>
		<component>C:\Program Files (x86)\Common Files\Articulate\Shared\1.0\Buttons\ccSmoothWndButton.swf</component>
		<component>C:\Program Files (x86)\Common Files\Articulate\Shared\1.0\ImageObject\ccSmoothImage.swf</component>
		<component>C:\Program Files (x86)\Common Files\Articulate\Shared\1.0\Radio Buttons\ccSmoothRadio.swf</component>
		<component>C:\Program Files (x86)\Common Files\Articulate\Shared\1.0\Check Boxes\ccSmoothCheckbox.swf</component>
		<component>C:\Users\yely\AppData\Roaming\Articulate\Presenter\Project\7E5094D8-809D-471C-3F3F-6C683F3F3F3F\quizmaker_539\text.swf</component>
	</components>
</state>