<?xml version="1.0"?>
<tincan xmlns="http://projecttincan.com/tincan.xsd" xmlns:xsd="http://www.w3.org/2001/XMLSchema" xmlns:xsi="http://www.w3.org/2001/XMLSchema-instance">
	<activities>
		<activity id="ispring://presentations/E269F1A8-9130-4FA8-972C-A83437FDE964" type="http://adlnet.gov/expapi/activities/course">
			<name lang="und">打造互联网模式的企业学习新形态2</name>
			<description lang="und"/>
			<launch>res/index.html</launch>
		</activity>
		<activity id="ispring://presentations/E269F1A8-9130-4FA8-972C-A83437FDE964/slides/0" type="http://adlnet.gov/expapi/activities/module">
			<name lang="und">打造互联网模式的企业学习新形态 — —社交、开放、融合</name>
			<description lang="und"/>
		</activity>
		<activity id="ispring://presentations/E269F1A8-9130-4FA8-972C-A83437FDE964/slides/1" type="http://adlnet.gov/expapi/activities/module">
			<name lang="und">企业学习正在发生着深刻变化</name>
			<description lang="und"/>
		</activity>
		<activity id="ispring://presentations/E269F1A8-9130-4FA8-972C-A83437FDE964/slides/2" type="http://adlnet.gov/expapi/activities/module">
			<name lang="und">企业工作环境和劳动力构成已发生了深刻变化</name>
			<description lang="und"/>
		</activity>
		<activity id="ispring://presentations/E269F1A8-9130-4FA8-972C-A83437FDE964/slides/3" type="http://adlnet.gov/expapi/activities/module">
			<name lang="und">企业学习变得更有针对性，更加碎片化</name>
			<description lang="und"/>
		</activity>
		<activity id="ispring://presentations/E269F1A8-9130-4FA8-972C-A83437FDE964/slides/4" type="http://adlnet.gov/expapi/activities/module">
			<name lang="und">学习是一个持续的过程</name>
			<description lang="und"/>
		</activity>
		<activity id="ispring://presentations/E269F1A8-9130-4FA8-972C-A83437FDE964/slides/5" type="http://adlnet.gov/expapi/activities/module">
			<name lang="und">课后测试</name>
			<description lang="und"/>
		</activity>
		<activity id="ispring://presentations/E269F1A8-9130-4FA8-972C-A83437FDE964/slides/6" type="http://adlnet.gov/expapi/activities/module">
			<name lang="und">结束</name>
			<description lang="und"/>
		</activity>
	</activities>
</tincan>
