﻿<?xml version="1.0" encoding="UTF-8" ?>

<manifest xmlns="http://www.imsproject.org/xsd/imscp_rootv1p1p2" xmlns:adlcp="http://www.adlnet.org/xsd/adlcp_rootv1p2" xmlns:xsi="http://www.w3.org/2001/XMLSchema-instance" xmlns:imsmd="http://www.imsglobal.org/xsd/imsmd_rootv1p2p1" identifier="SingleLocalSCOManifest" version="1.1" xsi:schemaLocation="http://www.imsproject.org/xsd/imscp_rootv1p1p2 imscp_rootv1p1p2.xsd                                http://www.adlnet.org/xsd/adlcp_rootv1p2 adlcp_rootv1p2.xsd                               http://www.imsglobal.org/xsd/imsmd_rootv1p2p1 imsmd_rootv1p2p1.xsd">
	<metadata>
		<schema>ADL SCORM</schema>
		<schemaversion>1.2</schemaversion>
	</metadata>
	<organizations default="_shdx__u__9'__410" >
		
		
		

		<organization identifier="_shdx__u__9'__410" structure="hierarchical" >
<item>
		<title>订单进度改性能</title>

			
			<item identifier="_shdx_demonstration_411" identifierref="_shdx_demonstration_411_ref" isvisible="true" >
				<title>订单进度改性能 - 演示</title>
				
			</item>
			
			<item identifier="_shdx_practice_419" identifierref="_shdx_practice_419_ref" isvisible="true" >
				<title>订单进度改性能 - 练习</title>
				
			</item>
			
			<item identifier="_shdx_evaluation_421" identifierref="_shdx_evaluation_421_ref" isvisible="true" >
				<title>订单进度改性能 - 评估测试</title>
				
			</item>
			
			<item identifier="_shdx_online_help_424" identifierref="_shdx_online_help_424_ref" isvisible="true" >
				<title>订单进度改性能 - 在线帮助</title>
				
			</item>
			
			<item identifier="_shdx_user_manual_426" identifierref="_shdx_user_manual_426_ref" isvisible="true" >
				<title>订单进度改性能 - 用户手册</title>
				
			</item>
			
</item>
		</organization>
		
		
	</organizations>
	<resources>
		
		<resource identifier="_shdx_demonstration_411_ref" adlcp:scormtype="sco" type="webcontent" href="web/pages/modes/u_9'/assima_demo/scorm.htm" >
			
			<file href="web/pages/modes/u_9'/assima_demo/scorm.htm" ></file>
			
		</resource>
		
		<resource identifier="_shdx_practice_419_ref" adlcp:scormtype="sco" type="webcontent" href="web/pages/modes/u_9'/assima_practice/scorm.htm" >
			
			<file href="web/pages/modes/u_9'/assima_practice/scorm.htm" ></file>
			
		</resource>
		
		<resource identifier="_shdx_evaluation_421_ref" adlcp:scormtype="sco" type="webcontent" href="web/pages/modes/u_9'/assima_eval/scorm.htm" >
			
			<file href="web/pages/modes/u_9'/assima_eval/scorm.htm" ></file>
			
		</resource>
		
		<resource identifier="_shdx_online_help_424_ref" adlcp:scormtype="asset" type="webcontent" href="documentation/u_9'/assima_online_doc/htmldoc.html" >
			
			<file href="documentation/u_9'/assima_online_doc/close.gif" ></file>
			
			<file href="documentation/u_9'/assima_online_doc/double_left_click.gif" ></file>
			
			<file href="documentation/u_9'/assima_online_doc/htmldoc.html" ></file>
			
			<file href="documentation/u_9'/assima_online_doc/keyboard.gif" ></file>
			
			<file href="documentation/u_9'/assima_online_doc/left_click.gif" ></file>
			
			<file href="documentation/u_9'/assima_online_doc/logo_left.gif" ></file>
			
			<file href="documentation/u_9'/assima_online_doc/open.gif" ></file>
			
			<file href="documentation/u_9'/assima_online_doc/print.gif" ></file>
			
			<file href="documentation/u_9'/assima_online_doc/right_click.gif" ></file>
			
			<file href="documentation/u_9'/assima_online_doc/rollout_eng.js" ></file>
			
			<file href="documentation/u_9'/assima_online_doc/style.css" ></file>
			
			<file href="documentation/u_9'/assima_online_doc/_ac__s_aft_tutstate_66324269eb60_fe20_04db1288d_951.png" ></file>
			
			<file href="documentation/u_9'/assima_online_doc/_ac__s_aft_tutstate_66324269eb60_fe20_04db1288d_956.png" ></file>
			
			<file href="documentation/u_9'/assima_online_doc/_ac__s_aft_tutstate_66324269eb60_fe20_04db1288d_965.png" ></file>
			
			<file href="documentation/u_9'/assima_online_doc/_ac__s_aft_tutstate_66324269eb60_fe20_04db128f2_971.png" ></file>
			
			<file href="documentation/u_9'/assima_online_doc/_ac__s_aft_tutstate_66324269eb60_fe20_04db128f2_991.png" ></file>
			
			<file href="documentation/u_9'/assima_online_doc/_ac__t_aft_tuts(10).png" ></file>
			
			<file href="documentation/u_9'/assima_online_doc/_ac__t_aft_tuts(11).png" ></file>
			
			<file href="documentation/u_9'/assima_online_doc/_sc__b_bef_tutstate_66324269eb60_fe20_04db1288d_951.png" ></file>
			
			<file href="documentation/u_9'/assima_online_doc/_sc__b_bef_tutstate_66324269eb60_fe20_04db1288d_956.png" ></file>
			
			<file href="documentation/u_9'/assima_online_doc/_sc__b_bef_tutstate_66324269eb60_fe20_04db1288d_965.png" ></file>
			
			<file href="documentation/u_9'/assima_online_doc/_sc__b_bef_tutstate_66324269eb60_fe20_04db128f2_971.png" ></file>
			
			<file href="documentation/u_9'/assima_online_doc/_sc__b_bef_tutstate_66324269eb60_fe20_04db128f2_991.png" ></file>
			
			<file href="documentation/u_9'/assima_online_doc/_sc__b_bef_tutstate_66324269eb60_fe20_04db128f2_996.png" ></file>
			
		</resource>
		
		<resource identifier="_shdx_user_manual_426_ref" adlcp:scormtype="asset" type="webcontent" href="documentation/u_9'/assima_user_man/worddoc.doc" >
			
			<file href="documentation/u_9'/assima_user_man/worddoc.doc" ></file>
			
		</resource>
		
	</resources>
</manifest>
