<Interaction Type="Tabs" ContentFolder="proj_content" Title="数据密级概念" Numbering="0" animation="bounce" contentfont="微软雅黑" tabwidth="192" jpegquality="100" autoplay="false" autoplayduration="5" headingfont="微软雅黑" navfont="微软雅黑" soundeffects="true" volumebutton="true" audioquality="high" audiocustombitrate="br112Kbps" audiocustomfrequency="fq12KHz" audiocustomchannel="ccMono" navbuttons="true" forceorder="false" detectflashver="true" version="2.3.1103.112" borderstyle="round_inset">
  <steps>
    <Step id="0c325a8e-69d1-4148-8fa3-4b4ffd3dced4" name="介绍" title="" number="" html="&lt;p align='left'&gt;&lt;font face='微软雅黑' size='16' color=''&gt;那么当我们接触到数据时，我们如何确定数据的密级呢？鼠标点击左边按钮，可查看各个密级的定义。&lt;/font&gt;&lt;/p&gt;" intro="true">
      <audio name="audio2.mp3" source="audioSource2.wav" duration="10685" />
    </Step>
    <Step id="8ffe74c5-d6f7-4455-b1ba-b47f8df638c7" name="密级一" title="" number="" html="&lt;p align='left'&gt;&lt;font face='微软雅黑' size='16' color=''&gt;明细数据中包含卡号前十三位加卡片有效期的字段或完整证件号码加卡号前十三位的字段，定义为密级一数据。&lt;br&gt;&lt;/br&gt;&lt;/font&gt;&lt;/p&gt;&lt;p align='left'&gt;&lt;font face='微软雅黑' size='16' color=''&gt;数据被非法使用可能会对卡中心造成巨额经济损失或商誉损失。&lt;/font&gt;&lt;/p&gt;">
      <audio name="audio4.mp3" source="audioSource4.wav" duration="21392" />
    </Step>
    <Step id="18560d9d-7dca-43c0-9473-6c34348c04c3" name="密级二" title="" number="" html="&lt;p align='left'&gt;&lt;font face='微软雅黑' size='16' color=''&gt;明细数据中包含完整证件号或卡号前十三位或客户联系方式的字段，定义为密级二数据。&lt;br&gt;&lt;/br&gt;&lt;/font&gt;&lt;/p&gt;&lt;p align='left'&gt;&lt;font face='微软雅黑' size='16' color=''&gt;数据被非法使用可能会对客户造成困扰及影响客户体验。&lt;br&gt;&lt;/br&gt;&lt;br&gt;&lt;/br&gt;&lt;/font&gt;&lt;/p&gt;">
      <audio name="audio6.mp3" source="audioSource6.wav" duration="17809" />
    </Step>
    <Step id="3bae6bba-bbe6-4762-9960-f70d31665dcc" name="密级三" title="" number="" html="&lt;p align='left'&gt;&lt;font face='微软雅黑' size='16' color=''&gt;不在密级一、二范围内的其他明细数据，定义为密级三数据。&lt;br&gt;&lt;/br&gt;&lt;/font&gt;&lt;/p&gt;&lt;p align='left'&gt;&lt;font face='微软雅黑' size='16' color=''&gt;数据被非法使用可能影响卡中心经营管理。&lt;br&gt;&lt;/br&gt;&lt;br&gt;&lt;/br&gt;&lt;br&gt;&lt;/br&gt;&lt;/font&gt;&lt;/p&gt;">
      <audio name="audio8.mp3" source="audioSource8.wav" duration="11950" />
    </Step>
    <Step id="790aded0-5fdc-44c7-a98e-dd1b330c9880" name="密级四" title="" number="" html="&lt;p align='left'&gt;&lt;font face='微软雅黑' size='16' color=''&gt;各种业务统计报表类数据，包括交易类、收入类等各类业务统计数据，定义为密级四数据。&lt;br&gt;&lt;/br&gt;&lt;/font&gt;&lt;/p&gt;&lt;p align='left'&gt;&lt;font face='微软雅黑' size='16' color=''&gt;数据被非法使用可能影响卡中心经营管理。&lt;br&gt;&lt;/br&gt;&lt;/font&gt;&lt;/p&gt;">
      <audio name="audio10.mp3" source="audioSource10.wav" duration="16045" />
    </Step>
  </steps>
  <nextslide enabled="False" text="" show="" />
  <starttip show="false" text="Click next to continue" />
  <resume id="52623133-8fd2-443c-9fdd-916889ba1fb6" enabled="false" />
</Interaction>