﻿<?xml version="1.0" encoding="utf-8"?>
<scheme name=" xingyeci" version="2" custompath="C:\Users\yely\AppData\Roaming\Articulate\Engage\2.0\schemes\ xingyeci.xml" id="19bbe1c4-4a0f-438b-8caf-6931cd9fe45e">
  <!-- #1 -->
  <bg displayname="Background" category="Background and Text" alpha="100">0x0090C8</bg>
  <!-- #2 -->
  <topbuttons displayname="Header Normal" pairid="topbuttons" category="Buttons" alpha="100">0x0090C8</topbuttons>
  <!-- #2 -->
  <topbuttonsb pairid="topbuttons" category="Buttons">0x005E82</topbuttonsb>
  <!-- #2 -->
  <tophover pairid="tophover" displayname="Header Hover" category="Buttons" alpha="100">0x004A80</tophover>
  <!-- #2 -->
  <tophoverb pairid="tophover" category="Buttons">0x0072BC</tophoverb>
  <!-- #3 -->
  <navbutton pairid="navbutton" displayname="Navigation Normal" category="Buttons" alpha="100">0x0090C8</navbutton>
  <!-- #3 -->
  <navbuttonb pairid="navbutton" category="Buttons">0x0088BB</navbuttonb>
  <!-- #3 -->
  <navhover pairid="navhover" displayname="Navigation Hover" category="Buttons" alpha="100">0x20C1FF</navhover>
  <!-- #3 -->
  <navhoverb pairid="navhover" category="Buttons">0x0090C8</navhoverb>
  <!-- #4 -->
  <activenavbutton pairid="activenavbutton" displayname="Navigation Active" category="Buttons" alpha="100">0xF4AE39</activenavbutton>
  <!-- #4 -->
  <activenavbuttonb pairid="activenavbutton" category="Buttons">0xE3930D</activenavbuttonb>
  <!-- Changing the items above will have the most impact. Usually there's no need to change the following colors. -->
  <!-- #5 -->
  <headerbar displayname="Header Background" category="Background and Text" alpha="100">0xE6E6E6</headerbar>
  <!-- #6 -->
  <contentbg displayname="Slide Background" category="Background and Text">0xF4F4F4</contentbg>
  <!-- #7 -->
  <footerbar displayname="Footer Bar" category="Background and Text" alpha="100">0xE6E6E6</footerbar>
  <!-- #8 -->
  <fonta displayname="Header Text" category="Background and Text" alpha="100">0x0090C8</fonta>
  <!-- #9 -->
  <fontb displayname="Slide Text" category="Background and Text">0x000000</fontb>
  <!-- #10 -->
  <tt_bg displayname="Background" category="Tooltips">0xffffe1</tt_bg>
  <!-- #10 -->
  <tt_border displayname="Border" category="Tooltips">0x676767</tt_border>
  <!-- #10 -->
  <tt_text displayname="Text" category="Tooltips">0x000000</tt_text>
  <!-- #11 -->
  <calloutbg displayname="Background" category="Callouts">0xFFFFFF</calloutbg>
  <!-- #12 -->
  <callouttext displayname="Text" category="Callouts">0x000000</callouttext>
  <!-- #13 -->
  <listselect displayname="Item Selected" category="Glossary">0x64A800</listselect>
  <!-- #14 -->
  <listhover displayname="Item Hover" category="Glossary">0x98CCFC</listhover>
  <!-- #15 -->
  <timeline_tooltip_hover displayname="Tooltip Hover" category="Timeline">0xE7F7FF</timeline_tooltip_hover>
  <!-- #16 -->
  <timeline_period_text displayname="Period Text" category="Timeline">0x000000</timeline_period_text>
  <!-- #17 -->
  <timeline_selected_period_text displayname="Selected Period Text" category="Timeline">0xffffff</timeline_selected_period_text>
  <!-- #18 -->
  <lblgrf_calloutbg displayname="Callout Background" category="Labeled Graphic">0xE4E4E4</lblgrf_calloutbg>
  <!-- #19 -->
  <tab_contentbg displayname="Background" category="Tabs">0xCCCCCC</tab_contentbg>
  <!-- #20 -->
  <tab_textbg displayname="Slide Background" category="Tabs">0xffffff</tab_textbg>
  <!-- #21 -->
  <faq_button_text displayname="FAQ Button Text" category="FAQ">0xffffff</faq_button_text>
</scheme>