<Interaction Type="Labeled Graphic" Title="控制器" contentfont="微软雅黑" dotanimation="glow" defaultimage="false" jpegquality="100" autoplay="false" autoplayduration="5" headingfont="微软雅黑" navfont="微软雅黑" soundeffects="true" volumebutton="false" audioquality="custom" audiocustombitrate="br24Kbps" audiocustomfrequency="fq22KHz" audiocustomchannel="ccMono" navbuttons="false" forceorder="false" detectflashver="true" animation="bounce" version="2.3.1005.1623" borderstyle="none">
  <bgimage src="image1.jpg" percent="30" originalSource="imageSource1.jpg" width="689" height="455" />
  <labels>
    <label panelpos="auto" iconid="1" x="232" y="280">
      <color name="Blue" valuea="0x33CCFF" valueb="0x003399" inner="0x000000" hovera="0x79FFE1" hoverb="0x01A7A7" />
      <steps>
        <Step id="ca813577-cd88-4907-be5a-1051b1b7c30d" name="正向和反向杠杆" title="" number="1" audioonly="false" html="&lt;p align='left'&gt;&lt;font face='微软雅黑' size='13' color=''&gt;控制移动方向。 &lt;/font&gt;&lt;font face='微软雅黑' size='13' color='#ff8000'&gt;&lt;b&gt;点击橙色按钮尝试。&lt;/b&gt;&lt;/font&gt;&lt;/p&gt;">
          <image width="180" height="207" zoomheight="345" playbar="false" autoplay="false" zoomwidth="300" zoommode="Embedded" allowzoom="false" align="bottom" duration="2666" framerate="30" name="swf5.swf" zoomimage="swf5.swf" />
        </Step>
      </steps>
    </label>
    <label panelpos="auto" iconid="1" x="312" y="240">
      <color name="Blue" valuea="0x33CCFF" valueb="0x003399" inner="0x000000" hovera="0x79FFE1" hoverb="0x01A7A7" />
      <steps>
        <Step id="985a8b77-10bd-4bc1-838f-9af898c03012" name="降低" title="" number="2" audioonly="false" html="&lt;p align='left'&gt;&lt;font face='微软雅黑' size='13' color=''&gt;将物体从举起位置降低到地面。 &lt;/font&gt;&lt;font face='微软雅黑' size='13' color='#ff8000'&gt;&lt;b&gt;点击橙色按钮尝试。&lt;br&gt;&lt;/br&gt;&lt;/b&gt;&lt;/font&gt;&lt;/p&gt;">
          <image width="300" height="200" zoomheight="200" playbar="false" autoplay="false" zoomwidth="300" zoommode="Embedded" allowzoom="false" align="bottom" duration="1500" framerate="30" name="swf4.swf" zoomimage="swf4.swf" />
        </Step>
      </steps>
    </label>
    <label panelpos="right" iconid="1" x="374" y="270">
      <color name="Blue" valuea="0x33CCFF" valueb="0x003399" inner="0x000000" hovera="0x79FFE1" hoverb="0x01A7A7" />
      <steps>
        <Step id="f8b20583-3119-4d28-a368-ca3420487af8" name="喇叭" title="" number="3" audioonly="false" html="&lt;p align='left'&gt;&lt;font face='微软雅黑' size='13' color=''&gt;喇叭的声音。 &lt;/font&gt;&lt;font face='微软雅黑' size='13' color='#ff8000'&gt;&lt;b&gt;点击橙色按钮尝试。&lt;/b&gt;&lt;/font&gt;&lt;/p&gt;">
          <image width="300" height="100" zoomheight="100" playbar="false" autoplay="false" zoomwidth="300" zoommode="Embedded" allowzoom="false" align="bottom" duration="1033" framerate="30" name="swf6.swf" zoomimage="swf6.swf" />
        </Step>
      </steps>
    </label>
    <label panelpos="auto" iconid="1" x="347" y="329">
      <color name="Blue" valuea="0x33CCFF" valueb="0x003399" inner="0x000000" hovera="0x79FFE1" hoverb="0x01A7A7" />
      <steps>
        <Step id="c7058812-d6d4-473b-a355-c8b404ae2e4e" name="举起" title="" number="4" audioonly="false" html="&lt;p align='left'&gt;&lt;font face='微软雅黑' size='13' color='#000000'&gt;将物体从地面升起到一定高度。&lt;/font&gt;&lt;font face='微软雅黑' size='13' color='#ff8000'&gt;&lt;b&gt;点击橙色按钮尝试。&lt;br&gt;&lt;/br&gt;&lt;/b&gt;&lt;/font&gt;&lt;/p&gt;">
          <image width="300" height="200" zoomheight="200" playbar="false" autoplay="false" zoomwidth="300" zoommode="Embedded" allowzoom="false" align="bottom" duration="1500" framerate="30" name="swf7.swf" zoomimage="swf7.swf" />
        </Step>
      </steps>
    </label>
    <label panelpos="top" iconid="1" x="348" y="407">
      <color name="Blue" valuea="0x33CCFF" valueb="0x003399" inner="0x000000" hovera="0x79FFE1" hoverb="0x01A7A7" />
      <steps>
        <Step id="60fe732c-a703-42b6-8e10-1f27f06e7f17" name="紧急反向" title="" number="5" audioonly="false" html="&lt;p align='left'&gt;&lt;font face='微软雅黑' size='13' color=''&gt;遇到紧急情况时，可以立即往反方向移动。&lt;/font&gt;&lt;font face='微软雅黑' size='13' color='#ff8000'&gt;&lt;b&gt;点击橙色按钮尝试。&lt;br&gt;&lt;/br&gt;&lt;br&gt;&lt;/br&gt;&lt;br&gt;&lt;/br&gt;&lt;/b&gt;&lt;/font&gt;&lt;/p&gt;">
          <image width="300" height="200" zoomheight="200" playbar="false" autoplay="false" zoomwidth="300" zoommode="Embedded" allowzoom="false" align="bottom" duration="1733" framerate="30" name="swf8.swf" zoomimage="swf8.swf" />
        </Step>
      </steps>
    </label>
  </labels>
  <nextslide enabled="False" text="" show="" />
  <starttip show="false" text="Click next to continue" />
  <resume id="c2289e54-e420-4df6-a715-ed1f2a237b5e" enabled="false" />
</Interaction>