<?xml version="1.0" encoding="UTF-8"?>
<manifest identifier="MYCOURSEZWMSCORM01F08A6C1B3C8FCS000000600" version="2004"
          xmlns="http://www.imsglobal.org/xsd/imscp_v1p1"
          xmlns:adlcp="http://www.adlnet.org/xsd/adlcp_v1p3"
          xmlns:adlseq="http://www.adlnet.org/xsd/adlseq_v1p3"
          xmlns:adlnav="http://www.adlnet.org/xsd/adlnav_v1p3"
          xmlns:imsss="http://www.imsglobal.org/xsd/imsss"
		  xmlns:xsi="http://www.w3.org/2001/XMLSchema-instance"
		  xmlns:lom="http://ltsc.ieee.org/xsd/LOM"		  
          xsi:schemaLocation="http://www.imsglobal.org/xsd/imscp_v1p1 imscp_v1p1.xsd
                              http://www.adlnet.org/xsd/adlcp_v1p3 adlcp_v1p3.xsd
                              http://www.adlnet.org/xsd/adlseq_v1p3 adlseq_v1p3.xsd
                              http://www.adlnet.org/xsd/adlnav_v1p3 adlnav_v1p3.xsd
							  http://www.imsglobal.org/xsd/imsss imsss_v1p0.xsd
							  http://ltsc.ieee.org/xsd/LOM lom.xsd" >


  <metadata>
    <schema>ADL SCORM</schema>
    <schemaversion>2004 3rd Edition</schemaversion>
    <adlcp:location>mta/mta_tcs.xml</adlcp:location>
  </metadata>
  <organizations default="ORG-MYCOURSEZWMSCORM01F08A6C1B3C8FCS000000600">
   <organization identifier="ORG-MYCOURSEZWMSCORM01F08A6C1B3C8FCS000000600" adlseq:objectivesGlobalToSystem="false">
    <title> 向上沟通[SCORM2004标准之第四个草案] </title>
	 <item identifier="T0" isvisible="true">
      <title> 课程内容 </title>
      <item identifier="ITEM-001" identifierref="RES-SCO01" isvisible="true">
        <title> 1、向上沟通需要同理心 </title>
        <metadata>
          <schema>ADL SCORM</schema>
          <adlcp:location>mta/mta_s01.xml</adlcp:location>
        </metadata>
      </item>
      <item identifier="T002" identifierref="RES-SCO02" isvisible="true">
        <title> 2、把握沟通的尺度 </title>
        <metadata>
          <schema>ADL SCORM</schema>
          <adlcp:location>mta/mta_s02.xml</adlcp:location>
        </metadata>
      </item>
      <item identifier="T003" identifierref="RES-SCO03" isvisible="true">
        <title> 3、揣摩领导的意图 </title>
        <metadata>
          <schema>ADL SCORM</schema>
          <adlcp:location>mta/mta_s03.xml</adlcp:location>
        </metadata>
      </item>
      <item identifier="T004" identifierref="RES-SCO04" isvisible="true">
        <title> 4、直言不讳 </title>
        <metadata>
          <schema>ADL SCORM</schema>
          <adlcp:location>mta/mta_s04.xml</adlcp:location>
        </metadata>
      </item>
      <item identifier="T005" identifierref="RES-SCO05" isvisible="true">
        <title> 5、应变能力 </title>
        <metadata>
          <schema>ADL SCORM</schema>
          <adlcp:location>mta/mta_s05.xml</adlcp:location>
        </metadata>
      </item>
      <item identifier="T006" identifierref="RES-SCO06" isvisible="true">
        <title> 6、自信沟通 </title>
        <metadata>
          <schema>ADL SCORM</schema>
          <adlcp:location>mta/mta_s06.xml</adlcp:location>
        </metadata>
      </item>
      <item identifier="T007" identifierref="RES-SCO07" isvisible="true">
        <title> 7、换位思考 </title>
        <metadata>
          <schema>ADL SCORM</schema>
          <adlcp:location>mta/mta_s07.xml</adlcp:location>
        </metadata>
      </item>
      <item identifier="T008" identifierref="RES-SCO08" isvisible="true">
        <title> 8、课程测试 </title>
        <metadata>
          <schema>ADL SCORM</schema>
          <adlcp:location>mta/mta_s08.xml</adlcp:location>
        </metadata>
		 <adlcp:timeLimitAction>continue,no message</adlcp:timeLimitAction> 
		 <adlcp:dataFromLMS>course test</adlcp:dataFromLMS> 
		 <adlcp:completionThreshold>0.8</adlcp:completionThreshold> 
       </item>
	  </item>
    </organization>
  </organizations>
  <resources>
    <resource identifier="RES-SCO01" adlcp:scormType="sco" type="webcontent" href="sco1.htm">
      <file href="sco1.htm" />
      <file href="sco/s1.swf" />
      <file href="crossdomain.xml" />
      <file href="pub/course.xml" />
      <file href="pub/sysset.xml" />
      <file href="pub/intro.swf" />
      <file href="pub/js/swfobject.js" />
      <file href="pub/js/zwm_scorm.js" />
    </resource>
    <resource identifier="RES-SCO02" adlcp:scormType="sco" type="webcontent" href="sco2.htm">
      <file href="sco2.htm" />
      <file href="sco/s2.swf" />
      <file href="crossdomain.xml" />
      <file href="pub/course.xml" />
      <file href="pub/sysset.xml" />
      <file href="pub/intro.swf" />
      <file href="pub/js/swfobject.js" />
      <file href="pub/js/zwm_scorm.js" />
    </resource>
    <resource identifier="RES-SCO03" adlcp:scormType="sco" type="webcontent" href="sco3.htm">
      <file href="sco3.htm" />
      <file href="sco/s3.swf" />
      <file href="crossdomain.xml" />
      <file href="pub/course.xml" />
      <file href="pub/sysset.xml" />
      <file href="pub/intro.swf" />
      <file href="pub/js/swfobject.js" />
      <file href="pub/js/zwm_scorm.js" />
    </resource>
    <resource identifier="RES-SCO04" adlcp:scormType="sco" type="webcontent" href="sco4.htm">
      <file href="sco4.htm" />
      <file href="sco/s4.swf" />
      <file href="crossdomain.xml" />
      <file href="pub/course.xml" />
      <file href="pub/sysset.xml" />
      <file href="pub/intro.swf" />
      <file href="pub/js/swfobject.js" />
      <file href="pub/js/zwm_scorm.js" />
    </resource>
    <resource identifier="RES-SCO05" adlcp:scormType="sco" type="webcontent" href="sco5.htm">
      <file href="sco5.htm" />
      <file href="sco/s5.swf" />
      <file href="crossdomain.xml" />
      <file href="pub/course.xml" />
      <file href="pub/sysset.xml" />
      <file href="pub/intro.swf" />
      <file href="pub/js/swfobject.js" />
      <file href="pub/js/zwm_scorm.js" />
    </resource>
    <resource identifier="RES-SCO06" adlcp:scormType="sco" type="webcontent" href="sco6.htm">
      <file href="sco6.htm" />
      <file href="sco/s6.swf" />
      <file href="crossdomain.xml" />
      <file href="pub/course.xml" />
      <file href="pub/sysset.xml" />
      <file href="pub/intro.swf" />
      <file href="pub/js/swfobject.js" />
      <file href="pub/js/zwm_scorm.js" />
    </resource>
    <resource identifier="RES-SCO07" adlcp:scormType="sco" type="webcontent" href="sco7.htm">
      <file href="sco7.htm" />
      <file href="sco/s7.swf" />
      <file href="crossdomain.xml" />
      <file href="pub/course.xml" />
      <file href="pub/sysset.xml" />
      <file href="pub/intro.swf" />
      <file href="pub/js/swfobject.js" />
      <file href="pub/js/zwm_scorm.js" />
    </resource>
    <resource identifier="RES-SCO08" adlcp:scormType="sco" type="webcontent" href="sco8.htm">
      <file href="sco8.htm" />
      <file href="sco/s8.swf" />
      <file href="crossdomain.xml" />
      <file href="pub/course.xml" />
      <file href="pub/sysset.xml" />
      <file href="pub/intro.swf" />
      <file href="pub/js/swfobject.js" />
      <file href="pub/js/zwm_scorm.js" />
    </resource>
  </resources>
</manifest>

